State,City,Vulnerability Management,Vulnerability Analyst,Vulnerability Specialist,Incident Specialist,Incident Responder,Incident Analyst,Malware analyst,Reverse engineer,Threat analyst,Identity and access management specialist,SOC analyst,SOC engineer,Application specialist,Application engineer,Application Support,Server administrator,PEN tester,Systems investigator,City Total,State Total
District of Columbia,Washington,433,77,17,0,10,45,0,43,6,172,57,8,36,0,132,16,465,0,1517,1517
Maryland,Rockville,438,82,10,0,10,34,0,38,7,171,58,8,37,0,117,16,465,0,1491,5115
Maryland,Gaithersburg,441,79,15,0,10,30,0,36,7,163,58,8,34,0,95,15,447,0,1438,3506
Virginia,Alexandria,403,67,17,0,9,41,0,22,6,146,57,8,29,0,123,11,414,0,1353,1353
Virginia,Leesburg,211,30,11,0,471,11,0,7,5,78,32,4,14,0,38,6,187,0,1105,3365
Maryland,Bowie,356,73,10,0,10,25,0,42,4,122,30,5,27,0,66,12,316,0,1098,1928
California,Redwood City,222,251,21,0,232,6,0,2,2,17,1,1,3,0,6,114,159,0,1037,58846
California,Hayward,238,226,18,0,231,6,0,2,2,19,1,1,3,0,7,116,159,0,1029,28961
California,Alameda,161,72,16,0,173,3,0,1,2,11,1,128,256,0,4,82,117,0,1027,1027
New Jersey,Linden,363,45,27,0,318,4,0,66,3,15,9,25,10,0,8,2,112,3,1010,6891
California,San Leandro,175,107,16,0,187,3,0,1,2,18,1,246,2,0,5,94,129,0,986,65768
New Jersey,Perth Amboy,336,45,26,0,303,5,0,63,3,15,10,29,10,0,8,2,109,3,967,10208
California,South San Francisco,143,63,16,0,152,3,0,1,2,9,1,145,225,0,1,78,108,0,947,72760
Virginia,Manassas,228,43,15,0,9,28,0,16,5,114,35,6,16,0,108,6,285,0,914,4388
California,Union City,200,235,16,0,191,6,0,2,2,15,1,1,3,0,6,94,137,0,909,77095
California,Oakland,136,63,16,0,145,3,0,1,2,11,1,123,225,0,4,71,105,0,906,47584
New Jersey,Plainfield,319,44,24,0,259,4,0,54,3,15,9,30,10,0,4,2,104,3,884,11092
California,Pacifica,139,56,12,0,147,3,0,1,2,7,1,113,213,0,1,75,104,0,874,49785
California,San Mateo,186,176,16,0,206,3,0,2,2,17,1,1,2,0,6,104,138,0,860,66843
New York,Valley Stream,309,29,25,0,277,3,0,52,3,13,8,21,5,0,7,2,86,3,843,5467
Texas,San Antonio,33,591,1,0,55,33,0,9,0,19,3,8,1,0,1,58,30,0,842,21578
New York,Hempstead,300,31,25,0,283,3,0,51,3,13,8,0,5,0,7,2,90,3,824,1905
California,Newark,178,243,15,0,153,4,0,2,2,15,1,1,3,0,5,82,107,0,811,45188
California,Fremont,172,241,13,0,150,4,0,2,2,14,1,1,3,0,5,81,102,0,791,24123
California,Berkeley,125,42,11,0,133,3,0,1,2,11,1,89,199,0,4,63,91,0,775,6747
California,Danville,129,48,15,0,129,3,0,1,2,12,1,89,194,0,4,55,90,0,772,18655
New York,Freeport,282,28,24,0,250,3,0,50,3,12,8,19,5,0,7,2,73,3,769,1081
California,Daly City,115,48,12,0,119,3,0,1,2,7,1,108,184,0,1,64,94,0,759,17883
California,Paramount,244,44,85,1,166,38,0,1,2,10,22,1,9,0,3,71,61,0,758,52194
California,Palo Alto,155,240,12,0,143,4,0,2,2,13,1,1,3,0,4,78,99,0,757,51436
California,San Francisco,122,35,12,0,125,3,0,1,2,11,1,94,192,0,3,63,93,0,757,63291
California,Milpitas,159,238,10,0,143,4,0,2,2,14,1,1,3,0,5,74,97,0,753,40434
California,Downey,236,37,84,1,152,37,0,1,2,10,21,38,8,0,3,68,53,0,751,20044
California,San Bruno,144,70,16,0,158,3,0,1,2,11,1,149,1,0,1,81,108,0,746,62057
California,Mountain View,151,238,10,0,141,4,0,2,2,10,1,1,3,0,4,75,97,0,739,43891
California,Walnut Creek,115,37,10,0,115,2,0,21,2,11,24,78,187,0,4,49,82,0,737,79173
California,Compton,231,36,83,1,147,36,0,1,2,10,20,35,6,0,3,68,53,0,732,13896
California,Santa Clara,148,236,10,0,138,4,0,2,2,10,1,1,3,0,4,73,97,0,729,69265
California,Pleasanton,162,203,12,0,145,4,0,1,2,13,1,1,3,0,6,74,100,0,727,55370
California,Sunnyvale,145,236,10,0,139,4,0,2,2,10,1,1,3,0,4,73,97,0,727,74155
California,Pico Rivera,220,35,75,1,143,38,0,1,2,10,20,37,8,0,3,68,52,0,713,53578
New Jersey,East Orange,379,42,26,0,2,5,0,63,3,19,9,29,10,0,7,2,113,3,712,2490
New Jersey,Newark,380,41,25,0,2,5,0,63,3,19,9,28,10,0,7,2,113,3,710,7886
California,Bell Gardens,219,35,74,1,143,36,0,1,2,10,20,35,6,0,3,68,53,0,706,5374
California,Carson,223,35,82,1,136,33,0,1,2,10,20,35,6,0,2,64,50,0,700,10463
Washington,Seattle,113,66,3,0,123,1,0,2,1,15,3,83,194,0,5,42,49,0,700,9449
California,San Ramon,139,77,15,0,142,3,0,1,2,12,1,136,1,0,4,65,101,0,699,68046
New Jersey,Kearny,371,41,25,0,2,5,0,63,3,19,9,28,9,0,7,2,109,3,696,5881
New Jersey,Bayonne,365,39,26,0,2,5,0,66,3,19,9,26,10,0,8,2,112,3,695,763
New Jersey,Jersey City,371,40,25,0,2,5,0,64,3,19,9,28,9,0,8,2,107,3,695,5185
Washington,Kirkland,112,67,4,0,119,1,0,13,1,15,3,83,188,0,5,37,47,0,695,5458
California,Cupertino,139,231,10,0,128,4,0,2,2,10,1,1,3,0,3,71,88,0,693,16522
Washington,Bellevue,111,66,3,0,120,1,0,13,1,15,3,83,190,0,5,36,46,0,693,1287
Washington,Redmond,112,67,3,0,119,1,0,13,1,15,3,83,188,0,5,37,46,0,693,7285
Utah,Layton,27,8,417,0,41,11,0,9,0,8,2,5,84,0,39,25,12,0,688,1340
Washington,Kent,111,62,3,0,118,1,0,2,1,13,3,81,192,0,4,44,52,0,687,4763
California,Montebello,215,35,73,1,139,38,0,1,2,9,19,33,6,0,2,64,47,0,684,42090
New Jersey,Clifton,364,39,27,0,2,5,0,62,3,19,9,28,8,0,7,2,106,3,684,1778
New Jersey,Hackensack,370,36,26,0,2,5,0,62,3,19,9,28,8,0,7,2,104,3,684,3810
Washington,Sammamish,112,67,3,0,117,1,0,12,1,12,2,82,188,0,5,35,47,0,684,8749
New Jersey,West New York,368,38,26,0,2,5,0,62,3,19,9,28,8,0,7,2,103,3,683,13136
California,San Jose,131,232,10,0,116,3,0,1,2,9,25,1,3,0,3,60,86,0,682,64782
New Jersey,Passaic,363,38,27,0,2,5,0,62,3,19,9,28,8,0,7,2,105,3,681,8567
New Jersey,Hoboken,365,38,27,0,2,5,0,62,3,19,9,28,8,0,7,2,102,3,680,4490
Washington,Shoreline,112,63,4,0,116,1,0,13,1,14,3,83,181,0,5,36,47,0,679,10128
Texas,Grand Prairie,176,35,12,0,193,2,0,36,2,3,4,21,9,0,5,95,83,0,676,10433
California,South Gate,213,35,73,1,137,34,0,1,2,9,19,33,6,0,2,64,46,0,675,71813
New Jersey,Paterson,359,36,26,0,2,5,0,62,3,19,9,28,8,0,7,2,105,3,674,9241
California,Lynwood,215,35,73,1,139,34,0,1,2,10,0,35,6,0,2,66,50,0,669,38618
New York,New York,359,36,24,0,2,5,0,63,3,19,9,28,6,0,8,2,102,3,669,3872
Washington,Renton,117,65,3,0,125,1,0,2,1,15,3,83,197,0,5,0,49,0,666,7951
Washington,Edmonds,110,63,4,0,113,1,0,13,1,13,3,83,174,0,5,36,47,0,666,3223
California,Martinez,98,29,11,0,108,2,0,22,2,10,23,68,168,0,4,46,72,0,663,39578
California,Campbell,123,227,10,0,109,3,0,1,2,9,25,1,3,0,3,61,77,0,654,9628
New Jersey,Union City,368,38,27,0,2,5,0,62,3,19,9,0,8,0,7,2,101,3,654,12238
New York,Mount Vernon,348,32,27,0,2,4,0,59,3,17,8,28,6,0,7,2,106,3,652,2557
Texas,Bedford,168,28,13,0,187,2,0,32,1,3,4,19,9,0,5,94,83,0,648,2618
New York,New Rochelle,348,31,29,0,2,4,0,55,3,17,8,25,6,0,7,2,106,3,646,3203
Washington,Bremerton,102,62,3,0,106,1,0,2,1,15,3,83,181,0,5,36,45,0,645,2042
California,El Monte,197,34,62,1,134,38,0,1,2,9,19,29,5,0,1,64,47,0,643,21968
California,Dublin,150,157,10,0,135,3,0,1,2,14,1,1,2,0,6,71,88,0,641,20685
California,La Mirada,246,43,85,1,1,37,0,49,2,9,23,1,10,0,2,69,62,0,640,33165
New York,Yonkers,343,31,27,0,2,4,0,59,3,17,8,26,6,0,7,2,102,3,640,6433
California,Richmond,106,29,11,0,100,2,0,1,2,10,22,68,168,0,3,46,71,0,639,59641
New Jersey,Elizabeth,364,45,27,0,2,5,0,0,3,19,9,25,10,0,8,2,114,3,636,3126
Texas,Hurst,166,27,13,0,181,2,0,31,1,3,4,19,9,0,5,92,82,0,635,12415
Texas,Arlington,166,27,12,0,181,2,0,31,1,3,4,19,9,0,5,92,82,0,634,1415
California,Huntington Park,189,35,54,1,128,35,0,1,2,9,19,37,6,0,2,66,46,0,630,30471
California,Gardena,197,33,62,1,123,34,0,1,2,9,17,31,6,0,2,62,47,0,627,25835
Texas,Duncanville,164,24,11,0,173,25,0,32,2,3,4,20,8,0,4,82,74,0,626,6917
California,Rosemead,184,35,51,1,134,38,0,1,2,9,17,31,6,0,2,65,45,0,621,60612
California,Torrance,193,33,62,1,120,32,0,1,2,9,17,31,6,0,2,60,46,0,615,75071
California,West Covina,174,23,64,1,113,30,0,14,2,6,19,21,4,0,66,42,36,0,615,80195
California,Vallejo,90,28,12,0,97,2,0,19,2,7,21,67,158,0,2,42,67,0,614,77986
California,Monterey Park,184,35,51,1,131,35,0,1,2,9,17,31,6,0,2,63,44,0,612,42702
California,La Puente,188,27,66,1,127,31,0,14,2,8,21,29,5,0,1,49,42,0,611,33776
California,Buena Park,230,53,86,1,1,34,0,48,2,9,21,1,9,0,2,64,49,0,610,8427
California,Lodi,455,26,68,0,1,1,0,1,0,3,8,1,6,0,3,8,29,0,610,36770
California,Norwalk,247,46,85,1,1,41,0,1,2,10,24,1,9,0,3,71,61,0,603,46142
California,Cypress,231,55,84,1,1,32,0,48,2,8,21,1,9,0,2,61,46,0,602,17124
Washington,Federal Way,104,56,3,0,102,1,0,2,1,12,3,52,180,0,1,40,45,0,602,4008
California,Bellflower,247,44,85,1,1,38,0,1,2,10,22,1,9,0,3,72,62,0,598,5972
California,Lakewood,246,46,85,1,1,36,0,1,2,10,22,1,9,0,3,72,60,0,595,35151
California,Whittier,239,45,85,1,1,42,0,1,2,10,22,1,9,0,2,72,62,0,594,81483
Washington,Auburn,102,56,3,0,103,1,0,2,1,11,2,51,179,0,1,39,43,0,594,594
Florida,Tamarac,25,3,429,0,28,8,0,2,1,2,2,6,51,0,1,14,15,0,587,14742
California,La Habra,225,54,85,1,1,33,0,46,2,9,21,1,7,0,2,54,43,0,584,32224
Florida,North Lauderdale,24,2,427,0,28,8,0,2,1,2,2,6,52,0,1,14,15,0,584,9125
California,Baldwin Park,155,24,54,1,111,30,0,15,2,6,19,21,4,0,62,41,36,0,581,4597
Florida,Margate,23,2,426,0,28,8,0,2,1,2,1,4,50,0,1,13,15,0,576,7851
California,Cerritos,235,53,85,1,1,37,0,1,2,10,21,1,10,0,2,63,52,0,574,11449
Texas,Pflugerville,123,49,7,0,87,1,0,2,0,14,21,189,8,0,2,37,30,0,570,18345
Texas,Cedar Park,121,50,7,0,87,1,0,2,0,14,21,190,8,0,2,36,30,0,569,4414
Florida,Coconut Creek,23,2,418,0,28,8,0,2,1,2,1,4,49,0,1,13,15,0,567,2780
Florida,Pompano Beach,23,2,418,0,28,8,0,2,1,2,1,4,49,0,1,13,15,0,567,12848
Texas,Round Rock,121,49,7,0,87,1,0,2,0,14,21,189,8,0,2,36,30,0,567,20223
California,San Gabriel,160,35,33,1,123,37,0,1,2,9,17,31,6,0,2,63,44,0,564,63855
California,Fullerton,216,55,84,1,1,32,0,46,2,8,21,1,7,0,1,49,40,0,564,24786
California,Los Angeles,154,34,20,1,123,36,0,1,2,10,19,41,6,0,2,67,46,0,562,37949
California,Oakley,28,10,387,0,28,4,0,5,4,5,4,12,51,0,3,8,12,0,561,48145
Massachusetts,Springfield,30,5,430,0,18,10,0,4,0,4,1,6,21,0,10,9,10,0,558,11456
Minnesota,Rochester,392,40,110,0,1,4,0,0,0,3,0,0,0,0,1,1,2,0,554,7153
California,Stanton,217,53,84,1,1,27,0,44,2,8,19,1,8,0,2,48,38,0,553,73313
California,Brea,212,49,85,1,1,31,0,45,2,7,21,1,7,0,1,47,41,0,551,7298
California,Westminster,213,52,84,1,1,26,0,44,2,8,19,1,8,0,2,48,38,0,547,80889
California,Anaheim,207,54,85,1,1,29,0,45,2,8,20,1,7,0,1,45,40,0,546,2431
Texas,Cedar Hill,136,18,10,0,151,24,0,24,2,16,1,14,8,0,4,72,65,0,545,3845
California,Covina,147,19,54,1,100,28,0,14,2,6,18,20,2,0,61,37,35,0,544,15315
California,Inglewood,148,33,20,1,116,35,0,1,2,10,19,39,6,0,2,63,47,0,542,31277
Massachusetts,Waltham,193,87,25,0,2,41,0,2,1,21,4,105,7,0,2,1,50,0,541,12126
Massachusetts,Newton,191,86,25,0,2,41,0,2,1,21,4,104,9,0,2,1,50,0,539,8721
California,Pittsburg,27,11,379,0,26,5,0,5,2,4,4,9,46,0,3,6,11,0,538,54116
California,Novato,77,23,11,0,91,2,0,17,2,7,19,57,132,0,1,38,59,0,536,46678
Arizona,Mesa,125,7,10,0,127,23,0,18,1,1,2,38,1,0,74,47,55,0,529,3630
Georgia,Dunwoody,274,42,74,0,2,2,0,34,0,6,5,31,4,0,4,1,50,0,529,2587
California,Long Beach,218,41,85,1,1,32,0,1,2,9,17,1,9,0,3,61,47,0,528,37387
California,Alhambra,160,35,33,1,122,0,0,1,2,9,17,31,6,0,2,63,45,0,527,1554
California,Placentia,205,46,84,1,1,31,0,44,2,7,18,1,6,0,1,43,37,0,527,54643
Georgia,Sandy Springs,273,43,73,0,2,2,0,34,0,6,5,30,4,0,4,1,50,0,527,5184
Texas,Euless,187,35,13,0,1,3,0,44,2,4,5,22,9,0,6,104,92,0,527,7649
Arizona,Tempe,125,7,8,0,127,22,0,18,1,1,2,38,1,0,74,47,55,0,526,6326
Massachusetts,Cambridge,190,84,25,0,2,41,0,2,1,22,4,93,8,0,2,1,49,0,524,2004
Massachusetts,Lawrence,152,69,18,0,99,38,0,2,1,19,3,75,2,0,2,1,42,0,523,4812
Texas,North Richland Hills,123,26,10,0,156,2,0,27,2,1,2,14,6,0,4,78,71,0,522,16990
California,Santa Cruz,12,37,154,0,6,6,0,1,2,2,21,238,31,0,3,4,4,0,521,69974
Massachusetts,Woburn,184,85,24,0,2,41,0,2,1,22,4,98,6,0,2,1,49,0,521,13046
California,Antioch,28,10,350,0,27,4,0,5,4,5,4,11,49,0,3,8,12,0,520,2951
Arizona,Gilbert,119,7,10,0,125,17,0,17,1,10,1,38,1,0,74,45,54,0,519,2082
California,Brentwood,28,10,359,0,24,3,0,5,4,5,3,10,46,0,3,7,12,0,519,7817
Georgia,Marietta,272,37,73,0,2,2,0,33,0,6,5,29,4,0,4,1,50,0,518,3635
California,Diamond Bar,163,28,68,1,112,26,0,13,2,6,15,1,5,0,1,39,37,0,517,19293
Illinois,Park Ridge,260,50,31,0,1,3,0,2,0,15,6,39,2,0,5,3,98,1,516,13409
Washington,Burien,118,65,3,0,125,1,0,2,1,15,3,83,2,0,5,42,50,0,515,2557
California,Culver City,136,33,11,1,110,34,0,1,2,10,18,40,6,0,2,61,49,0,514,15829
Georgia,Atlanta,272,38,72,0,2,2,0,33,0,5,6,27,4,0,4,1,48,0,514,1281
Georgia,Peachtree Corners,269,39,73,0,2,2,0,32,0,6,6,30,4,0,4,1,46,0,514,4149
Massachusetts,Medford,186,84,24,0,2,41,0,2,1,22,4,88,8,0,2,1,49,0,514,7490
California,Redondo Beach,143,32,27,1,111,32,0,1,2,9,16,28,6,0,2,57,45,0,512,57809
Massachusetts,Lowell,174,87,23,0,2,42,0,2,1,22,4,99,5,0,2,1,48,0,512,5556
Illinois,Des Plaines,261,51,31,0,1,3,0,2,0,14,6,37,2,0,5,3,94,1,511,6373
Illinois,Addison,253,53,29,0,1,3,0,2,0,16,6,41,3,0,5,3,94,1,510,510
Arizona,Scottsdale,125,7,8,0,127,22,0,0,1,1,2,38,1,0,74,47,55,0,508,5119
Georgia,Roswell,262,40,74,0,2,2,0,32,0,6,5,31,4,0,4,1,45,0,508,4657
Illinois,Elmhurst,252,54,29,0,1,3,0,2,0,16,6,41,3,0,5,2,91,1,506,7733
Illinois,Lombard,252,55,29,0,1,3,0,2,0,16,6,41,3,0,5,2,90,1,506,10220
California,San Rafael,91,26,12,0,0,2,0,17,2,6,21,68,147,0,1,45,66,0,504,67347
Mississippi,Southaven,23,199,227,0,16,9,0,2,0,2,3,2,1,0,11,6,3,0,504,898
Georgia,Alpharetta,260,37,73,0,2,2,0,32,0,6,5,31,4,0,4,1,45,0,502,681
Georgia,Johns Creek,259,37,73,0,2,2,0,32,0,6,5,32,4,0,4,1,45,0,502,3089
Illinois,Mount Prospect,253,52,31,0,1,3,0,2,0,12,6,36,3,0,5,3,94,1,502,10824
Arizona,Chandler,119,7,10,0,125,16,0,0,1,10,1,38,1,0,74,45,54,0,501,1511
Washington,Puyallup,18,6,287,0,11,14,0,2,2,2,14,82,36,0,10,10,7,0,501,6592
Illinois,Arlington Heights,253,51,31,0,1,3,0,2,0,12,6,35,3,0,5,3,94,1,500,1010
Illinois,Berwyn,256,52,27,0,1,3,0,2,0,16,6,38,2,0,5,2,89,1,500,2424
California,Hawthorne,159,32,29,1,117,34,0,1,2,9,19,39,6,0,2,0,47,0,497,27932
Georgia,Brookhaven,275,44,73,0,2,2,0,0,0,6,6,29,4,0,4,1,50,0,496,1934
California,Pasadena,129,30,10,1,114,32,0,1,2,8,19,34,6,0,2,63,44,0,495,52689
California,Glendale,124,28,11,1,115,31,0,1,2,9,18,39,6,0,2,61,45,0,493,26750
California,Santa Monica,129,29,12,1,107,32,0,1,2,10,17,40,6,0,2,57,47,0,492,70581
Illinois,Oak Park,247,51,27,0,1,3,0,2,0,16,6,39,2,0,5,2,90,1,492,12118
Massachusetts,Marlborough,165,71,25,0,2,43,0,2,1,21,4,97,8,0,2,1,49,0,491,6976
Georgia,Smyrna,272,38,73,0,2,2,0,33,0,6,5,0,4,0,4,1,50,0,490,5812
Florida,Boca Raton,24,2,393,0,29,7,0,0,1,2,1,4,1,0,1,10,14,0,489,1330
Texas,DeSoto,137,16,7,0,133,17,0,22,2,1,2,15,7,0,3,64,62,0,488,6138
Illinois,Wheaton,241,52,29,0,1,3,0,2,0,15,6,40,3,0,5,2,87,1,487,16873
Arizona,Glendale,113,6,8,0,119,24,0,18,1,1,2,35,1,0,69,44,44,0,485,2567
Texas,Lancaster,132,19,7,0,128,18,0,22,1,1,2,17,7,0,3,65,63,0,485,13903
Illinois,Cicero,246,49,27,0,1,3,0,2,0,16,6,38,2,0,5,2,86,1,484,5434
Massachusetts,Malden,175,80,24,0,2,41,0,2,1,22,4,75,6,0,2,1,48,0,483,6485
Massachusetts,Everett,175,79,24,0,2,41,0,2,1,22,4,75,5,0,2,1,48,0,481,3238
Massachusetts,Boston,183,84,24,0,2,41,0,2,1,22,4,57,8,0,2,1,49,0,480,1155
Nebraska,Omaha,29,2,340,0,37,5,0,2,0,2,1,1,1,0,24,30,4,0,478,1184
California,Arcadia,110,24,10,1,100,35,0,1,2,7,17,20,4,0,64,43,38,0,476,3481
California,Livermore,107,143,6,0,71,3,0,27,2,8,21,1,2,0,4,33,47,0,475,36160
Illinois,Downers Grove,241,51,27,0,1,3,0,2,0,14,5,40,3,0,5,2,79,1,474,6847
Texas,Coppell,234,45,16,0,1,4,0,48,2,4,5,1,9,0,6,1,98,0,474,5159
Illinois,Skokie,233,44,31,0,1,3,0,2,0,12,6,35,2,0,5,3,94,1,472,15067
Illinois,Wheeling,237,44,31,0,1,3,0,2,0,12,6,33,2,0,5,3,92,1,472,17345
Iowa,Council Bluffs,28,2,333,0,37,5,0,2,0,2,1,1,1,0,24,30,4,0,470,1494
Illinois,Evanston,228,43,29,0,1,3,0,2,0,12,6,34,2,0,5,3,94,1,463,8196
Illinois,Bolingbrook,158,36,17,0,154,1,0,1,0,10,4,25,3,0,4,1,47,1,462,2979
Nebraska,Bellevue,28,2,330,0,37,0,0,2,0,2,1,1,1,0,24,30,4,0,462,462
Texas,Grapevine,221,43,16,0,1,4,0,48,2,4,5,1,9,0,6,1,101,0,462,10895
Massachusetts,Chelsea,175,79,24,0,2,41,0,2,1,22,4,55,5,0,2,1,48,0,461,2465
Massachusetts,Revere,173,79,24,0,2,41,0,2,1,22,4,52,5,0,2,1,48,0,456,10052
Ohio,Youngstown,425,2,1,0,1,5,0,1,0,6,1,2,5,0,1,5,1,0,456,6610
Texas,Carrollton,231,43,13,0,1,4,0,45,2,4,5,1,8,0,5,1,92,0,455,3300
Texas,Lewisville,231,43,13,0,1,4,0,45,2,4,5,1,8,0,5,1,92,0,455,14653
California,Azusa,120,17,34,1,92,0,0,15,2,6,16,18,1,0,63,36,32,0,453,3934
Ohio,Warren,420,2,1,0,1,2,0,2,0,1,1,3,5,0,1,3,6,0,448,5844
California,Monrovia,106,18,9,1,93,34,0,1,2,7,17,20,1,0,62,41,34,0,446,41281
Massachusetts,Lynn,168,78,23,0,2,40,0,2,1,22,4,50,5,0,2,1,48,0,446,6002
Texas,Flower Mound,214,42,16,0,1,4,0,47,2,4,5,1,9,0,6,1,94,0,446,8095
Colorado,Longmont,26,14,300,0,38,1,0,10,2,1,1,27,2,0,2,9,9,0,442,4970
Colorado,Thornton,122,28,10,0,142,2,0,23,2,10,6,1,9,0,5,48,32,0,440,6605
Colorado,Northglenn,122,28,10,0,141,2,0,23,2,10,6,1,9,0,5,47,32,0,438,5656
Colorado,Westminster,122,28,10,0,142,2,0,23,0,10,6,1,9,0,5,48,32,0,438,7043
Illinois,Carol Stream,114,37,18,0,99,40,0,13,0,9,4,24,2,0,2,44,30,1,437,4010
Colorado,Arvada,121,28,10,0,140,2,0,22,2,10,6,1,9,0,5,47,32,0,435,435
Texas,The Colony,224,40,12,0,1,4,0,42,0,4,5,1,8,0,5,1,88,0,435,23132
Illinois,Hoffman Estates,129,34,21,0,109,43,0,17,0,8,4,25,2,0,2,1,38,1,434,9468
Illinois,Schaumburg,128,35,21,0,109,43,0,17,0,8,4,25,2,0,2,1,38,1,434,14595
Michigan,Livonia,93,111,13,0,84,10,0,9,0,13,1,22,9,0,39,1,25,0,430,3351
Michigan,Farmington Hills,89,114,13,0,84,10,0,9,1,13,1,22,9,0,39,1,24,0,429,2026
Illinois,Glenview,235,0,31,0,1,3,0,2,0,12,6,35,2,0,5,3,92,1,428,8624
Massachusetts,Somerville,189,83,24,0,2,41,0,2,1,22,4,0,8,0,2,1,49,0,428,10898
Michigan,Dearborn Heights,91,110,13,0,84,10,0,9,1,13,1,22,9,0,39,1,25,0,428,1145
Florida,Delray Beach,21,1,344,0,23,4,0,2,1,3,1,0,1,0,9,8,9,0,427,4013
Maryland,Baltimore,112,31,3,0,2,8,0,31,1,64,6,43,11,0,17,9,89,0,427,830
Minnesota,St. Louis Park,122,31,9,0,90,5,0,10,4,6,10,16,4,0,42,36,39,0,424,8236
Texas,Dallas,215,38,12,0,1,2,0,42,0,4,5,1,8,0,5,1,90,0,424,5650
Minnesota,Minneapolis,122,30,9,0,90,5,0,10,4,6,10,16,4,0,42,36,39,0,423,5568
Minnesota,Bloomington,123,28,9,0,90,5,0,10,4,6,10,16,4,0,43,37,38,0,423,1221
Texas,Richardson,215,36,12,0,1,2,0,41,2,4,5,1,8,0,5,1,90,0,423,19338
California,Garden Grove,171,46,76,1,1,15,0,33,3,5,9,1,7,0,1,27,26,0,422,25208
California,Gilroy,10,11,85,0,4,3,0,19,0,2,9,192,1,0,56,27,3,0,422,26257
Colorado,Commerce City,117,26,10,0,137,2,0,21,2,10,5,1,9,0,5,45,32,0,422,2893
Massachusetts,Peabody,161,67,22,0,2,38,0,2,1,22,4,49,3,0,2,1,48,0,422,9143
Minnesota,St. Paul,122,28,9,0,90,5,0,10,4,6,10,16,4,0,43,36,39,0,422,8658
Illinois,Oak Lawn,222,39,22,0,1,3,0,2,0,12,5,29,2,0,5,2,76,1,421,11626
Minnesota,Edina,122,28,9,0,90,5,0,10,4,6,10,16,4,0,42,36,39,0,421,3781
Minnesota,Eagan,122,28,9,0,90,5,0,10,4,6,10,16,4,0,43,36,38,0,421,2947
Colorado,Denver,117,26,10,0,136,2,0,21,2,10,5,1,9,0,5,45,31,0,420,3313
Colorado,Lakewood,117,26,10,0,136,2,0,21,2,10,5,1,9,0,5,45,31,0,420,4142
California,Yorba Linda,171,39,77,1,1,19,0,32,3,4,9,1,6,0,1,27,27,0,418,81975
Massachusetts,Salem,158,66,22,0,2,38,0,2,1,22,4,49,3,0,2,1,48,0,418,10470
Illinois,Bartlett,109,34,17,0,94,38,0,13,0,9,4,22,2,0,2,42,29,1,416,1659
Massachusetts,Beverly,156,66,22,0,2,38,0,2,1,22,4,49,3,0,2,1,48,0,416,675
Michigan,Westland,87,105,10,0,84,10,0,9,1,13,1,22,9,0,39,1,25,0,416,7800
Minnesota,Plymouth,121,31,9,0,89,4,0,9,4,6,9,16,4,0,41,34,39,0,416,6599
Minnesota,Burnsville,123,28,9,0,89,4,0,9,4,6,9,16,4,0,42,35,38,0,416,2017
Texas,Mansfield,81,13,8,0,109,21,0,16,1,17,1,12,5,0,3,63,65,0,415,15184
Illinois,Chicago,219,33,22,0,1,3,0,2,0,13,5,29,2,0,5,2,77,1,414,4950
Florida,Jacksonville,27,315,5,0,30,1,0,1,0,1,1,1,0,0,22,1,8,0,413,6272
Minnesota,Eden Prairie,121,27,9,0,89,4,0,9,4,6,9,16,4,0,41,35,39,0,413,3360
Illinois,Hanover Park,118,35,19,0,104,41,0,17,0,9,4,23,2,0,2,1,34,1,410,9034
Michigan,Novi,92,112,13,0,85,10,0,9,1,13,1,0,9,0,39,1,25,0,410,3991
Massachusetts,Quincy,154,64,23,0,2,42,0,2,1,21,4,42,5,0,2,1,45,0,408,9596
Minnesota,Minnetonka,118,26,9,0,88,4,0,9,4,6,9,16,4,0,41,35,39,0,408,5976
California,Orange,168,36,76,0,1,19,0,32,2,4,9,1,6,0,1,28,24,0,407,48823
California,Watsonville,14,11,146,0,15,5,0,1,0,2,8,192,1,0,2,7,3,0,407,79580
Rhode Island,Providence,21,9,306,0,15,8,0,4,2,5,4,6,2,0,6,11,8,0,407,1297
Rhode Island,East Providence,21,7,307,0,15,8,0,4,2,5,4,6,2,0,6,11,8,0,406,781
Texas,Garland,209,34,11,0,1,2,0,40,2,4,5,1,8,0,5,1,82,0,405,9529
Utah,Ogden,3,170,122,0,13,1,0,8,0,3,1,5,35,0,22,17,5,0,405,2222
Utah,Roy,3,171,121,0,13,1,0,8,0,3,1,5,35,0,22,17,5,0,405,3496
Minnesota,Coon Rapids,115,31,9,0,88,5,0,0,4,6,10,16,4,0,42,35,39,0,404,2421
Minnesota,Maple Grove,114,30,8,0,86,4,0,9,4,6,9,16,4,0,41,34,39,0,404,4741
Minnesota,Maplewood,116,28,9,0,88,5,0,9,4,5,10,13,4,0,41,36,36,0,404,5145
Texas,Plano,208,34,11,0,1,2,0,40,2,4,5,1,8,0,5,1,82,0,404,18845
California,Glendora,100,17,17,1,78,23,0,15,2,6,14,15,1,0,60,33,21,0,403,27153
Maryland,Annapolis,106,28,2,0,2,8,0,31,1,64,4,32,10,0,19,9,87,0,403,403
Texas,Irving,216,43,15,0,1,4,0,0,2,4,5,1,9,0,6,1,94,0,401,12816
California,Rancho Palos Verdes,124,29,36,1,82,0,0,1,2,8,12,23,6,0,2,47,27,0,400,56803
Minnesota,Blaine,114,28,9,0,85,5,0,9,4,5,10,13,4,0,40,35,39,0,400,798
Massachusetts,Westfield,19,4,316,0,12,9,0,3,0,4,2,5,13,0,4,4,4,0,399,12525
Minnesota,Apple Valley,123,27,9,0,82,3,0,9,4,6,6,16,4,0,36,35,38,0,398,398
Washington,Tacoma,73,40,2,0,59,1,0,2,1,9,3,39,137,0,1,0,31,0,398,10635
Illinois,Streamwood,115,34,19,0,100,40,0,17,0,8,4,22,2,0,2,1,32,1,397,15587
Texas,Rowlett,204,32,11,0,1,2,0,40,2,4,5,1,8,0,5,1,81,0,397,20620
California,Fountain Valley,157,46,76,1,1,14,0,32,2,5,9,1,7,0,1,23,20,0,395,23332
Illinois,Palatine,117,35,19,0,98,42,0,16,0,5,4,18,2,0,2,1,35,1,395,12893
Colorado,Aurora,115,22,10,0,127,1,0,17,2,9,5,1,9,0,3,43,29,0,393,828
Colorado,Colorado Springs,14,5,194,0,55,7,0,10,0,6,1,8,4,0,3,67,18,0,392,2471
Arizona,Phoenix,128,7,8,0,0,25,0,0,1,1,2,38,1,0,75,48,55,0,389,4484
Colorado,Broomfield,114,27,10,0,123,1,0,21,2,6,6,1,9,0,4,40,25,0,389,1543
California,Huntington Beach,152,45,76,1,1,15,0,32,2,3,9,1,7,0,1,22,20,0,387,29841
Iowa,Ankeny,26,4,276,0,22,1,0,1,0,4,1,1,32,0,8,8,3,0,387,670
Colorado,Littleton,113,21,10,0,125,1,0,16,2,9,5,1,9,0,3,43,28,0,386,4528
Minnesota,Woodbury,112,26,9,0,84,5,0,9,0,5,10,11,4,0,40,35,35,0,385,9043
Texas,Houston,115,39,12,0,107,32,0,17,1,7,1,14,5,0,2,1,30,1,384,11680
Texas,Allen,200,34,10,0,1,2,0,40,0,4,5,1,6,0,5,1,73,0,382,541
California,Santa Ana,155,36,76,0,1,15,0,31,2,4,9,1,6,0,1,22,21,0,380,68426
California,Tracy,10,160,158,0,1,6,0,3,2,1,4,2,14,0,10,1,8,0,380,75451
Illinois,Orland Park,207,37,12,0,1,3,0,2,0,12,2,24,2,0,5,2,70,1,380,12498
Illinois,Elgin,89,32,17,0,80,34,0,7,0,6,4,19,1,0,29,36,25,1,380,7227
Minnesota,Brooklyn Park,116,31,9,0,88,5,0,10,4,6,10,16,4,0,42,0,39,0,380,1601
California,Tustin,150,36,76,0,1,16,0,31,2,2,9,1,6,1,1,24,22,0,378,76186
Arizona,Sierra Vista,2,146,77,0,46,2,0,8,0,4,4,0,20,0,12,36,20,0,377,5496
Louisiana,Kenner,19,2,332,0,13,3,0,0,0,1,2,0,1,0,1,0,3,0,377,863
California,Morgan Hill,70,149,5,0,42,3,0,14,2,3,9,1,3,0,50,0,25,0,376,43152
Texas,Mesquite,200,30,10,0,1,1,0,32,2,4,4,1,8,0,5,1,77,0,376,15848
California,Burbank,124,26,11,1,1,31,0,1,2,9,17,40,5,0,2,57,48,0,375,8802
Rhode Island,Cranston,21,9,278,0,12,8,0,4,2,5,4,6,2,0,6,10,8,0,375,375
Louisiana,New Orleans,19,2,325,0,13,3,0,0,0,1,2,1,1,0,1,3,3,0,374,1423
Massachusetts,Methuen,94,47,6,0,55,23,0,6,1,10,1,56,2,0,51,1,21,0,374,7864
California,Costa Mesa,149,35,76,0,1,14,0,31,2,2,9,1,6,1,1,21,20,0,369,14771
Michigan,Southfield,80,105,12,0,68,10,0,6,1,12,1,19,7,0,26,1,20,0,368,5743
Michigan,Royal Oak,80,104,12,0,68,10,0,6,1,12,1,19,7,0,26,1,20,0,367,5357
Colorado,Centennial,109,17,10,0,117,1,0,14,2,9,5,1,9,0,3,42,27,0,366,2079
Michigan,Taylor,74,92,9,0,74,9,0,8,1,12,1,21,8,0,34,1,22,0,366,6673
California,Irvine,143,34,76,0,1,14,0,31,3,2,9,1,5,1,1,21,21,0,363,31640
Michigan,Troy,79,103,11,0,67,10,0,6,1,12,1,19,7,0,25,1,20,0,362,7035
Texas,Keller,86,19,8,0,109,2,0,19,1,2,1,7,4,0,2,59,43,0,362,13178
California,Chino Hills,135,36,60,1,1,19,0,32,2,5,10,1,5,0,1,27,26,0,361,12175
Illinois,Tinley Park,196,32,12,0,1,3,0,2,0,11,2,24,2,0,5,2,68,1,361,15948
Indiana,Gary,118,16,10,0,127,3,0,2,0,6,2,15,1,0,3,2,55,1,361,1282
Michigan,Pontiac,75,106,11,0,67,10,0,6,1,11,1,19,7,0,26,1,20,0,361,4352
Minnesota,Shakopee,114,23,9,0,84,2,0,9,4,6,9,16,4,0,41,0,37,0,358,7511
Michigan,Dearborn,74,97,9,0,68,10,0,6,1,12,1,19,8,0,26,1,20,0,352,717
California,Newport Beach,145,33,76,0,1,12,0,31,2,2,0,1,5,1,1,21,20,0,351,45539
Florida,Boynton Beach,17,1,273,0,22,4,0,2,0,2,2,4,1,0,9,6,7,0,350,1857
Michigan,Warren,77,95,8,0,67,10,0,6,1,12,1,19,7,0,25,1,20,0,349,7384
Iowa,West Des Moines,26,3,246,0,20,1,0,1,0,1,1,1,32,0,7,7,2,0,348,3292
Iowa,Urbandale,26,3,246,0,20,1,0,1,0,1,1,0,32,0,7,7,2,0,347,2846
Iowa,Des Moines,26,3,243,0,20,1,0,1,0,1,1,1,32,0,7,7,2,0,345,1946
Arizona,Apache Junction,65,5,4,0,57,5,0,8,1,3,1,21,88,0,34,20,32,0,344,344
Missouri,St. Louis,69,10,4,0,107,6,0,20,1,8,5,18,6,0,20,44,26,0,344,2323
California,Lancaster,1,126,117,1,20,1,0,1,3,2,17,1,2,0,9,21,20,0,342,35493
Florida,Ocoee,72,14,3,0,47,12,0,1,0,2,1,10,109,0,22,18,31,0,342,10276
Florida,Winter Garden,72,14,3,0,47,12,0,1,0,2,1,10,109,0,22,18,31,0,342,16096
Illinois,Carpentersville,89,27,19,0,73,33,0,10,0,8,4,17,1,0,31,1,28,1,342,4352
Texas,Pasadena,101,35,12,0,96,24,0,16,1,7,1,14,5,0,2,1,26,1,342,17434
Arizona,Peoria,104,4,8,0,0,24,0,17,1,1,2,31,1,0,62,43,43,0,341,4095
Florida,Orlando,72,14,3,0,47,12,0,1,0,2,1,10,109,0,21,18,31,0,341,10617
Texas,Haltom City,72,19,7,0,96,2,0,17,2,8,17,6,3,0,1,50,41,0,341,11236
Texas,Pearland,99,35,12,0,97,23,0,16,1,7,1,14,5,0,2,1,27,1,341,17775
Florida,Apopka,72,14,3,0,48,10,0,1,0,2,0,8,109,0,22,19,31,0,339,676
Utah,Bountiful,39,8,1,0,66,1,0,0,0,8,2,7,109,0,46,35,17,0,339,339
North Carolina,Fayetteville,9,3,151,0,10,1,0,1,0,1,3,1,4,0,102,44,8,0,338,2174
South Carolina,Columbia,18,5,258,0,26,1,0,0,0,0,3,3,3,0,6,13,2,0,338,428
Florida,Altamonte Springs,71,14,3,0,47,12,0,1,0,2,1,10,106,0,22,18,30,0,337,337
Texas,Sugar Land,104,28,12,0,93,27,0,16,1,6,1,14,4,0,1,1,28,1,337,22326
California,Poway,57,24,7,0,49,4,0,1,2,5,18,119,16,1,1,2,30,0,336,56020
California,Palm Springs,252,2,45,0,2,8,0,0,0,1,1,1,7,0,3,2,11,0,335,50392
Rhode Island,Warwick,20,4,255,0,11,8,0,4,1,3,1,3,2,0,6,10,7,0,335,1632
Texas,Wylie,167,28,10,0,1,2,0,36,2,4,5,1,6,0,5,1,67,0,335,24037
Kentucky,Louisville/Jefferson County,20,5,247,0,13,2,0,2,0,1,2,2,28,0,2,5,5,0,334,915
Michigan,Rochester Hills,72,91,11,0,64,10,0,6,1,9,1,16,7,0,25,1,20,0,334,4716
Texas,Missouri City,106,30,12,0,99,22,0,17,1,6,1,0,4,0,1,1,31,1,332,16376
California,Aliso Viejo,137,30,76,0,1,9,0,31,2,1,7,1,4,1,1,10,20,0,331,1885
Florida,Pensacola,6,80,113,0,25,8,0,6,0,5,1,1,55,0,2,21,8,0,331,11931
Massachusetts,Fall River,16,5,261,0,11,8,0,4,1,3,1,3,1,0,6,7,4,0,331,3569
New Jersey,Camden,120,24,12,0,2,26,0,14,3,6,11,13,4,0,1,58,37,0,331,1094
North Carolina,High Point,20,7,256,0,21,6,0,1,0,1,1,1,4,0,6,5,2,0,331,3381
Utah,Orem,26,1,211,0,18,1,0,5,0,4,2,1,34,0,14,9,5,0,331,2553
Ohio,Middletown,43,29,5,0,43,7,0,11,1,15,1,7,93,0,42,30,3,0,330,4493
Colorado,Parker,100,12,9,0,106,1,0,12,2,9,5,1,7,0,3,39,23,0,329,5985
Illinois,Naperville,89,29,13,0,74,34,0,12,0,5,3,21,2,0,2,26,16,1,327,11151
Colorado,Boulder,75,23,8,0,92,1,0,18,2,5,1,40,6,0,2,30,23,0,326,1154
New York,White Plains,160,13,14,0,2,4,0,27,2,8,4,13,1,0,7,2,66,3,326,5793
North Carolina,Charlotte,96,24,4,0,93,11,0,13,2,6,3,2,2,0,1,33,36,0,326,1270
Massachusetts,Brockton,124,48,21,0,2,31,0,2,1,13,3,32,4,0,2,1,41,0,325,1480
Minnesota,Lakeville,111,20,7,0,75,2,0,8,4,5,4,15,4,0,0,31,37,0,323,4104
New Jersey,Sayreville,113,23,6,0,81,2,0,0,3,4,2,10,4,0,1,32,39,3,323,11415
California,Rancho Santa Margarita,130,28,77,0,1,9,0,31,2,1,7,1,4,1,1,10,19,0,322,57125
Michigan,Sterling Heights,72,85,5,0,64,10,0,6,1,9,1,16,7,0,25,1,20,0,322,6307
California,Mission Viejo,128,29,76,0,1,9,0,31,2,1,7,1,4,1,1,10,19,0,320,40754
Massachusetts,New Bedford,1,127,145,0,6,4,0,4,1,1,1,3,19,0,2,3,1,0,318,8182
North Carolina,Hickory,250,1,38,0,1,3,0,2,0,1,3,1,2,0,7,7,2,0,318,3050
Texas,Rockwall,161,26,9,0,1,2,0,30,2,4,5,1,6,0,5,1,65,0,318,19656
Missouri,Florissant,75,10,4,0,97,3,0,11,1,8,5,18,5,0,18,38,24,0,317,883
California,Laguna Niguel,126,28,76,0,1,8,0,31,2,1,7,1,4,1,1,10,18,0,315,34145
Indiana,Jeffersonville,20,4,243,0,0,2,0,2,0,1,2,2,27,0,2,5,5,0,315,2337
California,Lake Forest,139,32,76,0,1,9,0,0,3,1,9,1,4,1,1,17,20,0,314,34556
Michigan,Lincoln Park,60,84,6,0,63,9,0,6,1,12,1,19,8,0,24,1,20,0,314,2921
Michigan,Detroit,69,94,6,0,67,10,0,6,1,12,1,19,7,0,0,1,20,0,313,1458
Utah,Draper,53,9,1,0,65,1,0,6,0,9,2,1,93,0,34,24,15,0,313,652
Indiana,Muncie,248,15,1,0,1,0,0,0,0,1,1,7,33,0,1,3,1,0,312,3400
Louisiana,Baton Rouge,12,5,250,0,10,11,0,0,0,2,0,0,2,0,2,5,11,0,310,363
Ohio,Grove City,29,15,6,0,67,14,0,12,0,5,5,3,82,0,31,22,19,0,310,2817
Ohio,Westerville,29,15,6,0,67,12,0,12,0,5,5,5,83,0,30,22,19,0,310,6154
Utah,Riverton,51,8,1,0,65,1,0,6,0,9,2,1,93,0,34,24,15,0,310,3091
California,Santee,51,20,7,0,44,4,0,1,2,5,18,111,16,1,1,2,26,0,309,70951
Florida,Greenacres,15,1,237,0,22,3,0,2,0,1,1,2,1,0,11,6,7,0,309,5082
Pennsylvania,Pittsburgh,122,14,8,0,58,14,0,1,0,1,0,9,2,0,31,32,16,0,308,933
Tennessee,Memphis,23,1,229,0,16,9,0,2,0,2,3,2,1,0,11,6,3,0,308,2515
Florida,Kissimmee,61,13,2,0,44,12,0,1,0,2,1,10,95,0,19,16,31,0,307,6760
Tennessee,Bartlett,23,1,229,0,16,9,0,2,0,2,3,0,1,0,11,6,3,0,306,306
Tennessee,Germantown,23,1,229,0,16,9,0,0,0,2,3,2,1,0,11,6,3,0,306,1609
Arizona,Surprise,63,2,4,0,77,21,0,10,1,1,1,27,1,0,43,29,24,0,304,5800
California,Chino,79,23,32,0,63,16,0,30,2,2,9,1,4,0,1,21,21,0,304,11814
Tennessee,Collierville,23,1,225,0,16,9,0,2,0,2,3,2,1,0,11,6,3,0,304,1101
Texas,Frisco,156,32,6,0,1,4,0,34,2,4,4,1,4,0,3,1,52,0,304,8976
California,National City,48,20,4,0,43,4,0,1,2,5,18,111,16,1,1,2,26,0,302,44377
California,San Diego,48,20,4,0,43,4,0,1,2,5,18,111,16,1,1,2,26,0,302,62534
Arizona,Goodyear,79,4,4,0,86,21,0,13,1,1,1,27,1,0,0,34,29,0,301,2868
California,El Cajon,48,19,4,0,43,4,0,1,2,5,18,111,16,1,1,2,26,0,301,21259
California,La Mesa,48,19,4,0,43,4,0,1,2,5,18,111,16,1,1,2,26,0,301,32525
California,Cathedral City,235,2,43,0,2,8,0,0,0,0,1,1,6,0,1,1,1,0,301,10764
Florida,Wellington,13,1,228,0,22,2,0,2,0,1,3,4,1,0,11,6,7,0,301,15297
Minnesota,St. Cloud,217,28,48,0,1,1,0,0,0,1,0,0,1,0,0,1,3,0,301,7812
Illinois,Calumet City,161,21,12,0,1,3,0,2,0,7,2,19,2,0,5,2,62,1,300,3573
Missouri,St. Charles,74,10,4,0,92,3,0,8,1,5,5,18,5,0,19,35,21,0,300,1915
California,Chula Vista,48,18,4,0,43,4,0,1,1,5,18,111,16,1,1,2,26,0,299,12474
Utah,Sandy,49,8,1,0,62,1,0,4,0,9,2,1,91,0,31,23,15,0,297,4068
Texas,Fort Worth,64,16,7,0,83,2,0,12,1,8,10,5,3,0,1,46,38,0,296,8391
Texas,Austin,123,50,7,0,0,1,0,2,0,14,22,0,8,0,2,37,30,0,296,1711
Utah,South Jordan,48,8,1,0,62,1,0,4,0,9,2,1,90,0,31,23,15,0,295,4363
Illinois,Buffalo Grove,140,33,21,0,1,3,0,18,0,8,5,18,1,0,2,1,42,1,294,3273
North Carolina,Raleigh,115,15,8,1,1,3,0,26,1,4,2,1,4,0,72,2,39,0,294,4340
Massachusetts,Chicopee,15,4,233,0,6,9,0,3,0,3,2,0,10,0,0,3,4,0,292,2757
Delaware,Wilmington,101,15,11,0,65,13,0,15,3,8,12,9,4,0,2,1,32,0,291,422
Ohio,Dublin,29,15,6,0,68,14,0,12,0,5,5,5,82,0,31,0,19,0,291,1904
Connecticut,Stamford,48,11,10,0,54,11,0,6,2,1,4,6,58,0,29,26,21,3,290,1966
North Carolina,Apex,116,15,9,1,1,3,0,24,1,4,2,1,4,0,69,2,38,0,290,290
North Carolina,Cary,116,15,9,1,1,3,0,24,1,4,2,1,4,0,69,2,38,0,290,724
Ohio,Columbus,29,15,6,0,67,14,0,12,0,5,5,5,82,0,31,0,19,0,290,1294
Pennsylvania,Philadelphia,139,31,14,0,2,0,0,18,3,6,14,13,5,0,2,1,42,0,290,625
Michigan,Wyoming,12,8,196,0,9,2,0,1,0,8,4,6,24,0,7,4,8,0,289,8089
North Carolina,Durham,117,13,9,1,1,3,0,24,1,4,2,1,4,0,69,2,38,0,289,1836
Michigan,Kentwood,13,8,200,0,9,2,0,1,0,8,4,6,25,0,0,4,8,0,288,2465
Utah,Taylorsville,47,8,1,0,62,1,0,4,0,5,2,1,88,0,31,23,15,0,288,4938
Utah,West Valley City,45,8,1,0,61,1,0,3,0,5,2,8,88,0,30,22,14,0,288,5498
California,Palmdale,1,91,116,1,18,2,0,1,3,2,7,1,1,0,8,20,15,0,287,50679
Florida,Panama City,178,51,36,0,7,1,0,0,0,1,0,1,2,0,0,8,1,0,286,11428
Florida,West Palm Beach,13,1,215,0,21,2,0,2,0,1,2,4,1,0,11,5,7,0,285,15582
New Jersey,New Brunswick,101,20,6,0,62,1,0,13,3,2,1,10,4,0,1,26,32,3,285,7176
Massachusetts,Holyoke,15,4,219,0,6,10,0,3,0,3,2,3,11,0,3,3,2,0,284,4289
California,Encinitas,56,23,7,0,1,4,0,1,1,5,18,119,15,1,1,1,30,0,283,22438
Indiana,Lafayette,222,1,41,0,2,0,0,0,0,2,1,7,4,0,0,2,1,0,283,2818
Iowa,Ames,213,1,55,0,3,1,0,0,0,3,1,1,1,0,1,2,1,0,283,283
California,Hanford,213,19,37,0,1,2,0,1,0,1,0,0,5,0,0,0,3,0,282,27435
Florida,St. Cloud,50,12,2,0,40,11,0,1,0,2,1,10,92,0,19,16,25,0,281,13773
Texas,Friendswood,85,29,8,0,84,21,0,16,1,5,1,0,4,0,2,1,23,1,281,8672
Florida,Sanford,64,12,3,0,42,9,0,1,0,2,1,8,96,0,14,0,27,0,279,13372
Maine,Portland,12,130,107,0,5,3,0,1,0,2,1,0,13,0,1,2,1,0,278,278
New York,Rochester,8,8,206,0,7,1,0,1,0,0,1,9,28,0,4,2,2,0,277,4205
North Carolina,Concord,73,19,1,0,70,6,0,8,1,2,1,2,2,0,38,25,29,0,277,1547
Kansas,Wichita,12,121,110,0,13,4,0,0,0,1,0,0,10,0,5,0,0,0,276,1420
Indiana,Hammond,160,21,12,0,1,3,0,2,0,7,2,0,1,0,3,2,60,1,275,1779
Utah,Salt Lake City,39,8,1,0,62,1,0,3,0,5,2,7,84,0,29,21,13,0,275,3771
Michigan,Roseville,65,59,5,0,59,8,0,5,1,9,1,15,6,0,21,1,19,0,274,4990
West Virginia,Huntington,216,28,21,0,2,1,0,0,0,0,0,0,2,0,1,1,2,0,274,392
California,Eastvale,97,31,51,0,1,0,0,30,3,3,9,1,4,0,1,20,22,0,273,20958
California,Palm Desert,218,2,36,0,1,7,0,0,0,0,1,1,4,0,0,0,2,0,272,50057
Iowa,Cedar Rapids,6,1,204,0,9,1,0,0,0,4,3,3,21,0,8,5,7,0,272,1024
New Hampshire,Nashua,55,40,3,0,16,16,0,22,1,8,5,45,1,0,28,23,9,0,272,435
Utah,West Jordan,48,8,1,0,62,1,0,4,0,9,2,1,90,0,31,0,15,0,272,5210
Missouri,Chesterfield,77,10,5,0,92,3,0,8,1,5,5,18,5,0,19,0,21,0,269,463
North Carolina,Kannapolis,72,18,1,0,68,6,0,8,1,2,1,2,2,0,37,24,27,0,269,4046
Oklahoma,Tulsa,15,8,190,0,21,2,0,1,0,1,2,0,1,0,5,9,14,0,269,1143
Florida,Homestead,19,81,109,0,6,3,0,1,1,1,4,4,15,0,9,2,12,0,267,5859
South Carolina,Rock Hill,84,17,4,0,74,7,0,11,2,3,2,7,2,0,1,25,28,0,267,1309
Texas,San Marcos,8,7,2,0,2,1,0,12,0,24,1,139,7,0,61,0,2,0,266,21844
Illinois,Belleville,51,7,2,0,79,5,0,19,1,5,4,0,6,0,20,42,24,0,265,1924
North Carolina,Gastonia,83,21,4,0,68,8,0,10,1,2,2,8,2,0,29,0,27,0,265,2439
Arizona,Avondale,79,4,4,0,0,21,0,13,1,1,1,27,1,0,49,34,29,0,264,608
California,Indio,216,2,34,0,0,7,0,0,0,0,0,0,4,0,0,0,1,0,264,30735
California,Visalia,205,16,30,0,1,2,0,1,0,0,0,0,2,0,0,0,5,0,262,78298
Florida,North Port,198,16,33,0,4,1,0,0,0,1,0,0,2,0,2,1,4,0,262,9710
California,Pomona,75,13,27,1,51,17,0,3,3,3,6,8,3,0,21,18,11,0,260,55630
Texas,League City,77,25,2,0,72,23,0,15,1,5,1,11,4,0,2,1,20,1,260,14198
Oklahoma,Broken Arrow,15,9,192,0,21,2,0,1,0,1,2,0,1,0,5,9,0,0,258,258
Wisconsin,New Berlin,56,30,6,0,43,8,0,5,0,1,6,12,60,0,12,3,14,0,256,1990
California,Corona,84,28,41,0,1,16,0,30,3,3,7,1,4,0,1,14,21,0,254,14402
California,Coachella,209,2,30,0,0,7,0,0,0,0,0,0,4,0,0,0,1,0,253,13012
Illinois,Waukegan,54,19,9,0,40,10,0,5,0,6,1,9,62,0,13,1,23,1,253,16386
California,Concord,68,20,7,0,0,2,0,12,4,5,16,39,3,0,3,22,51,0,252,14148
Texas,Baytown,75,26,2,0,71,17,0,15,1,5,1,11,4,0,2,1,20,1,252,1963
Wisconsin,West Allis,56,30,6,0,42,7,0,5,0,1,6,12,59,0,12,2,14,0,252,2994
California,Tulare,194,18,29,0,1,2,0,1,0,1,0,0,2,0,0,0,3,0,251,75702
Oregon,Portland,65,46,6,0,48,1,0,10,0,2,4,1,1,0,25,23,19,0,251,1605
Oregon,Tigard,67,46,6,0,47,1,0,10,0,2,4,1,1,0,25,22,19,0,251,2136
Oregon,Hillsboro,65,46,6,0,48,1,0,10,0,2,4,1,1,0,25,22,19,0,250,934
Washington,Vancouver,64,46,6,0,48,1,0,10,0,2,4,1,1,0,25,23,19,0,250,10885
North Carolina,Winston-Salem,16,5,193,0,16,5,0,1,0,1,3,1,2,0,2,2,2,0,249,4879
Colorado,Loveland,11,5,145,0,13,15,0,1,2,10,2,13,23,0,3,4,1,0,248,5218
Illinois,Joliet,46,17,4,0,38,23,0,4,0,4,4,8,69,0,9,11,8,1,246,9714
California,San Jacinto,1,117,67,0,1,3,0,29,0,1,1,1,19,1,1,1,2,0,245,64100
Indiana,Indianapolis,48,12,9,0,42,2,0,2,0,4,1,12,60,0,18,12,21,0,243,2022
Oregon,Beaverton,67,46,6,0,48,1,0,0,0,2,4,1,1,0,25,23,19,0,243,275
Massachusetts,Haverhill,60,43,3,0,27,16,0,2,1,9,1,27,1,0,40,1,11,0,242,4005
Michigan,St. Clair Shores,54,52,5,0,55,7,0,5,1,4,1,14,4,0,20,1,19,0,242,5985
Wisconsin,Wauwatosa,51,26,5,0,42,7,0,5,0,1,6,12,59,0,12,2,14,0,242,2742
Indiana,Lawrence,48,12,7,0,42,2,0,2,0,4,1,12,60,0,18,12,21,0,241,3059
Texas,Amarillo,164,2,49,0,5,3,0,1,0,2,1,0,6,0,2,1,4,0,240,781
Texas,Killeen,5,50,86,0,6,2,0,4,0,10,4,49,3,0,15,5,1,0,240,13418
Indiana,Fishers,47,12,5,0,42,2,0,2,0,4,1,12,60,0,18,12,21,0,238,893
Indiana,Noblesville,46,12,5,0,43,2,0,2,0,4,1,12,59,0,19,12,21,0,238,3638
Ohio,Fairfield,46,23,5,0,48,9,0,11,1,7,1,4,47,0,19,14,3,0,238,2465
Ohio,Hamilton,46,25,4,0,49,9,0,11,1,7,1,4,43,0,20,15,3,0,238,3055
Wisconsin,Milwaukee,55,28,6,0,42,7,0,6,0,1,6,11,59,0,0,3,14,0,238,1734
Iowa,Iowa City,3,1,185,0,8,1,0,0,0,2,3,2,15,0,6,4,7,0,237,2352
Kentucky,Covington,45,23,5,0,49,11,0,11,1,7,1,4,44,0,19,14,3,0,237,432
Wisconsin,Brookfield,47,25,4,0,40,8,0,6,0,1,6,12,58,0,13,2,15,0,237,411
Wisconsin,Greenfield,56,30,6,0,43,0,0,6,0,1,6,12,59,0,0,3,15,0,237,978
Connecticut,Norwalk,36,11,10,0,45,8,0,4,2,1,2,1,56,0,21,21,15,3,236,1494
Ohio,Cincinnati,45,23,5,0,48,11,0,11,1,7,1,4,44,0,19,14,3,0,236,582
Rhode Island,Woonsocket,52,26,3,0,40,10,0,7,2,13,10,26,6,0,17,15,9,0,236,1868
Texas,Conroe,9,5,178,0,15,2,0,1,1,6,1,0,9,0,3,4,1,1,236,4685
Wisconsin,La Crosse,176,20,34,0,1,0,0,0,0,0,0,0,4,0,0,0,1,0,236,1425
Michigan,Ann Arbor,43,71,8,0,33,3,0,5,1,9,5,8,5,0,18,19,7,0,235,235
Indiana,Carmel,46,12,5,0,42,2,0,0,0,4,1,12,59,0,18,12,21,0,234,414
California,Hemet,2,113,60,0,1,3,0,30,0,1,1,1,17,1,1,0,2,0,233,29194
Illinois,Aurora,62,25,1,0,47,29,0,5,0,6,7,10,1,0,14,15,10,1,233,1243
Minnesota,Mankato,174,39,0,0,2,3,0,1,0,3,0,0,7,0,1,0,3,0,233,4337
Ohio,Strongsville,41,27,10,0,32,9,0,3,0,2,2,1,56,0,20,15,15,0,233,5244
Massachusetts,Leominster,48,20,2,0,29,7,0,3,1,8,7,62,4,0,26,9,6,0,232,5044
Utah,Murray,47,8,1,0,0,1,0,4,0,9,2,1,90,0,31,23,15,0,232,1817
California,Upland,37,7,11,0,22,12,0,1,2,1,20,2,88,0,14,10,4,0,231,77326
Texas,Tyler,178,0,41,0,0,4,0,0,0,1,0,0,4,0,0,0,1,0,229,23361
Texas,Georgetown,59,18,5,0,19,2,0,5,0,6,4,62,3,0,22,13,10,0,228,9757
Utah,Provo,19,1,142,0,12,3,0,4,0,4,2,1,21,0,10,6,3,0,228,2781
Indiana,Greenwood,41,10,9,0,37,2,0,1,0,4,7,11,51,0,16,12,21,0,222,1504
Oregon,Gresham,61,44,6,0,40,1,0,8,0,1,3,1,1,0,18,21,17,0,222,684
Illinois,Romeoville,57,23,1,0,45,32,0,10,0,5,5,10,2,0,2,16,11,1,220,14161
North Carolina,Chapel Hill,64,3,8,1,1,3,0,19,1,2,2,41,3,0,46,1,25,0,220,944
Oregon,Salem,4,60,100,0,3,3,0,1,0,6,4,1,6,0,23,1,6,0,218,1823
Virginia,Hampton,20,7,1,0,32,3,0,4,0,3,1,2,7,0,57,61,20,0,218,2169
Washington,Lacey,16,154,1,0,11,6,0,2,2,1,1,1,2,0,12,0,9,0,218,5676
New Mexico,Las Cruces,142,42,20,0,2,2,0,0,0,0,0,2,0,0,4,1,2,0,217,476
Ohio,Cleveland,42,22,9,0,27,9,0,2,0,2,2,1,53,0,19,14,15,0,217,799
North Carolina,Huntersville,91,20,4,0,0,8,0,12,2,4,3,2,2,0,1,32,35,0,216,3597
New Jersey,Vineland,2,33,56,0,2,15,0,13,3,16,8,7,8,0,1,46,5,0,215,12453
Michigan,Muskegon,129,23,29,0,2,2,0,0,0,7,2,4,12,0,2,1,1,0,214,3581
Tennessee,Smyrna,76,14,10,0,55,16,0,2,0,3,4,5,3,0,8,10,7,0,213,2845
Virginia,Chesapeake,19,7,4,0,33,3,0,3,0,3,1,0,6,0,53,58,22,0,212,1751
Colorado,Greeley,7,3,122,0,9,14,0,1,2,9,1,7,8,0,2,2,23,0,210,3722
Nebraska,Lincoln,4,79,96,0,1,1,0,2,0,5,1,2,10,0,3,4,2,0,210,706
Ohio,Kettering,13,17,3,0,17,2,0,2,0,8,3,3,82,0,35,21,4,0,210,3474
Virginia,Norfolk,19,7,4,0,33,3,0,3,0,3,1,2,6,0,49,58,22,0,210,4767
Virginia,Portsmouth,19,7,4,0,33,3,0,3,0,3,1,2,6,0,49,58,22,0,210,4977
Ohio,Huber Heights,12,18,2,0,17,3,0,4,1,8,0,3,81,0,35,21,4,0,209,3264
Tennessee,Brentwood,75,14,10,0,51,16,0,2,0,3,4,5,3,0,8,11,7,0,209,515
Ohio,Dayton,13,17,2,0,17,3,0,0,1,8,3,3,81,0,35,21,4,0,208,1613
Minnesota,Moorhead,4,89,101,0,3,0,0,0,0,0,0,0,9,0,0,0,1,0,207,6183
North Dakota,Fargo,4,89,101,0,3,0,0,0,0,0,0,0,9,0,0,0,1,0,207,278
Massachusetts,Worcester,32,19,2,0,29,8,0,3,1,10,8,57,5,0,15,11,6,0,206,13252
North Carolina,Greensboro,17,7,144,0,15,1,0,2,0,3,2,2,4,0,0,3,5,0,205,2644
Ohio,Cleveland Heights,34,22,8,0,25,9,0,2,0,2,2,2,54,0,16,14,15,0,205,1004
Ohio,Beavercreek,13,16,2,0,17,3,0,0,1,8,1,3,81,0,35,21,4,0,205,302
Oregon,Lake Oswego,67,46,6,0,0,1,0,10,0,2,4,1,1,0,25,22,19,0,204,1295
Ohio,Lakewood,39,22,9,0,27,0,0,2,0,2,2,1,51,0,19,14,15,0,203,3677
Tennessee,Franklin,72,14,10,0,51,14,0,2,0,3,4,5,3,0,7,10,7,0,202,1303
Florida,Palm Coast,169,8,0,0,2,1,0,0,0,0,0,2,8,0,7,1,2,0,200,11142
Virginia,Danville,89,5,30,0,3,1,0,1,0,1,1,1,2,0,1,1,64,0,200,1951
Alabama,Madison,11,21,3,0,35,5,0,6,0,24,3,1,3,0,2,68,17,0,199,1030
Tennessee,Hendersonville,72,14,9,0,48,17,0,2,0,3,4,4,3,0,8,10,5,0,199,1808
California,Manteca,1,49,100,0,1,1,0,10,0,3,10,3,8,0,10,1,1,0,198,38915
Indiana,Kokomo,2,21,21,0,1,11,0,2,0,4,1,2,60,0,17,10,46,0,198,2535
Mississippi,Jackson,4,62,87,0,3,2,0,1,0,9,1,1,16,0,1,3,8,0,198,381
California,Rancho Cucamonga,16,5,2,0,14,9,0,33,3,1,11,22,55,0,11,7,6,0,195,56403
Kentucky,Bowling Green,143,14,29,0,1,2,0,0,0,1,0,0,2,0,1,1,1,0,195,195
Massachusetts,Fitchburg,36,19,1,0,18,8,0,2,1,7,6,57,4,0,24,6,5,0,194,3763
California,Roseville,41,7,4,0,23,5,0,3,0,1,4,43,1,0,25,21,15,0,193,60805
Ohio,Parma,43,23,10,0,0,9,0,2,0,2,2,1,53,0,19,14,15,0,193,4825
Texas,McKinney,90,19,5,0,1,2,0,27,2,4,4,1,2,0,2,1,33,0,193,15472
California,Lincoln,40,7,3,0,24,5,0,3,0,1,4,43,3,0,26,20,13,0,192,35685
Ohio,Euclid,32,20,8,0,24,9,0,2,0,2,2,2,51,0,15,13,12,0,192,2227
Wisconsin,Fond du Lac,2,103,69,0,1,1,0,3,0,1,1,0,5,0,3,2,1,0,192,721
California,Sacramento,38,7,4,0,27,5,0,3,0,1,4,43,1,0,23,20,15,0,191,60996
Pennsylvania,Reading,13,4,135,0,14,3,0,2,3,2,6,1,2,0,4,1,1,0,191,1124
Connecticut,Waterbury,27,9,4,0,37,4,0,3,0,1,2,3,55,0,14,17,14,0,190,2156
California,Santa Clarita,38,6,4,1,0,14,0,1,1,3,5,16,56,0,15,10,18,0,188,69453
California,Rancho Cordova,38,7,4,0,27,5,0,0,0,1,4,43,1,0,23,20,15,0,188,56208
Florida,Pinellas Park,57,7,19,0,1,12,0,11,2,3,1,14,2,0,2,37,20,0,188,12119
Illinois,Crystal Lake,56,17,10,0,38,3,0,5,0,6,1,12,1,0,15,1,22,1,188,5622
Montana,Billings,131,24,30,0,1,1,0,0,0,0,0,0,0,0,1,0,0,0,188,188
California,Elk Grove,35,7,4,0,27,5,0,3,0,1,4,44,1,0,23,20,13,0,187,22155
California,Simi Valley,28,7,3,1,26,5,0,1,3,4,3,15,68,0,1,14,8,0,187,71138
Colorado,Fort Collins,7,3,118,0,9,14,0,1,0,9,1,7,11,0,2,2,3,0,187,3500
Kansas,Topeka,4,51,117,0,0,2,0,0,0,1,0,0,4,0,2,2,4,0,187,1144
Florida,Lakeland,3,57,85,0,5,6,0,6,2,1,6,1,9,0,3,1,1,0,186,6946
Ohio,Springfield,8,14,1,0,15,5,0,13,1,8,5,3,75,0,34,0,4,0,186,5011
South Carolina,Hilton Head Island,2,54,107,0,4,2,0,1,0,0,0,0,9,0,2,3,2,0,186,857
California,Citrus Heights,39,7,4,0,23,5,0,3,0,1,4,43,1,0,24,19,12,0,185,12659
California,Folsom,39,7,4,0,23,5,0,3,0,1,4,43,1,0,24,19,12,0,185,22804
Illinois,Urbana,4,78,74,0,1,4,0,2,0,1,1,0,17,0,1,1,1,0,185,16133
Alaska,Anchorage,2,1,133,0,8,4,0,1,0,0,2,1,29,0,0,2,1,0,184,184
Arizona,Buckeye,3,30,83,0,2,5,0,10,1,7,8,0,12,0,1,1,21,0,184,792
Florida,Palm Beach Gardens,6,1,139,0,13,1,0,2,0,1,1,3,1,0,10,3,3,0,184,10942
Illinois,Champaign,4,78,73,0,1,4,0,2,0,1,1,0,17,0,1,1,1,0,184,4536
Alabama,Decatur,10,20,3,0,30,3,0,6,0,21,3,1,3,0,2,64,17,0,183,379
Arizona,Casa Grande,102,16,2,0,2,3,0,1,0,1,17,7,20,0,1,1,10,0,183,1010
Washington,Everett,21,12,1,0,20,26,0,6,2,2,12,34,27,0,4,6,10,0,183,3406
Florida,Tampa,54,7,16,0,1,12,0,11,2,3,1,14,2,0,2,37,20,0,182,14924
Florida,Jupiter,6,1,140,0,14,0,0,2,0,1,0,0,1,0,10,3,3,0,181,6453
Pennsylvania,State College,3,80,84,0,2,0,0,0,0,0,1,0,6,0,0,3,2,0,181,1324
Colorado,Pueblo,1,24,22,0,44,2,0,9,0,6,1,8,3,0,56,2,2,0,180,6165
North Carolina,Jacksonville,127,1,29,0,1,4,0,1,0,1,0,0,1,0,5,5,5,0,180,3777
California,Temecula,1,3,113,0,1,2,0,34,1,4,1,1,6,1,4,4,3,0,179,74334
Florida,Lauderhill,28,4,1,0,34,0,0,2,1,3,2,6,65,0,1,16,16,0,179,7275
Georgia,Albany,141,1,27,0,0,0,0,0,0,0,0,0,7,0,0,1,2,0,179,179
Florida,Hollywood,60,5,1,0,47,10,0,4,1,1,2,8,1,0,1,20,16,0,177,5592
Florida,Bonita Springs,11,3,133,0,7,3,0,0,0,0,0,0,15,0,2,1,2,0,177,1507
Wisconsin,Waukesha,47,24,4,0,40,8,0,6,0,1,6,12,1,0,12,2,14,0,177,2446
Alabama,Mobile,3,75,83,0,1,5,0,0,0,0,0,0,5,0,1,0,2,0,175,1205
California,San Clemente,46,29,12,0,2,5,0,31,1,1,7,1,4,1,1,14,20,0,175,62232
Florida,St. Petersburg,53,7,19,0,1,8,0,10,2,3,1,14,2,0,2,35,17,0,174,13947
Florida,Sunrise,28,3,1,0,34,0,0,2,1,2,2,6,61,0,1,16,16,0,173,14120
Idaho,Coeur d'Alene,162,1,1,0,2,1,0,0,0,0,0,1,2,0,0,1,2,0,173,320
Florida,Hallandale Beach,58,5,1,0,44,10,0,4,1,1,2,8,1,0,1,20,16,0,172,5254
Florida,Miramar,58,5,1,0,44,10,0,4,1,1,2,8,1,0,1,20,16,0,172,8541
Florida,Pembroke Pines,58,5,1,0,44,10,0,4,1,1,2,8,1,0,1,20,16,0,172,11600
Florida,Weston,25,4,1,0,29,8,0,3,1,3,2,6,62,0,1,15,12,0,172,15754
California,Rocklin,41,7,4,0,24,5,0,3,0,1,4,43,1,0,0,22,15,0,170,59925
Colorado,Castle Rock,50,6,2,0,54,4,0,6,2,5,5,1,1,0,3,20,11,0,170,1713
Florida,Miami Gardens,58,5,1,0,43,9,0,4,1,1,2,8,1,0,1,19,16,0,169,8369
Iowa,Dubuque,120,15,22,0,1,1,0,0,0,0,1,0,7,0,0,0,2,0,169,2115
New Jersey,Trenton,57,19,2,0,2,12,0,3,3,1,8,5,1,0,17,23,16,0,169,11584
New Mexico,Santa Fe,2,121,1,0,4,1,0,0,0,1,0,0,13,0,14,3,9,0,169,773
Virginia,Newport News,16,7,1,0,0,2,0,3,0,3,1,2,5,0,52,57,20,0,169,4557
California,Salinas,4,43,87,0,12,4,0,1,0,2,5,1,1,0,2,5,1,0,168,61164
Florida,Fort Lauderdale,47,5,1,0,47,11,0,3,1,1,2,8,1,0,1,20,20,0,168,4410
Florida,North Miami Beach,57,5,1,0,43,9,0,4,1,1,2,8,1,0,1,19,16,0,168,9448
Nevada,Las Vegas,30,4,12,0,28,34,1,6,1,2,2,3,2,0,21,14,8,0,168,418
Wisconsin,Racine,35,16,3,0,20,5,0,3,0,7,9,10,38,0,8,3,11,0,168,2210
Ohio,Mansfield,113,3,26,0,10,3,0,0,0,2,0,1,4,0,2,1,2,0,167,4032
Utah,Lehi,29,1,1,0,35,1,0,5,0,4,3,1,46,0,18,14,9,0,167,1507
Connecticut,Bridgeport,18,5,7,0,31,6,0,3,0,1,4,3,40,0,17,15,12,3,165,165
Florida,Aventura,57,5,1,0,43,10,0,0,1,1,2,8,1,0,1,19,16,0,165,841
Florida,Plantation,48,5,1,0,45,11,0,0,1,1,2,8,1,0,1,19,19,0,162,12281
Florida,Hialeah,56,4,1,0,40,7,0,4,1,1,2,8,1,0,1,19,16,0,161,5415
New York,Utica,5,65,50,0,5,3,1,1,0,1,0,1,17,0,1,2,9,0,161,4624
Texas,Texas City,5,9,117,0,4,0,0,1,1,1,3,1,1,0,1,4,11,1,160,22697
Florida,Oakland Park,25,3,1,0,28,8,0,2,1,2,2,6,51,0,1,14,15,0,159,9869
Texas,Abilene,148,3,0,0,0,4,0,0,0,1,0,0,3,0,0,0,0,0,159,159
Utah,Spanish Fork,14,1,107,0,6,2,0,0,0,4,2,1,12,0,5,3,2,0,159,4522
Virginia,Richmond,31,5,3,0,34,8,0,7,1,1,1,3,2,0,1,28,33,0,158,5135
Georgia,Augusta-Richmond County,12,1,110,0,8,5,0,3,0,2,0,1,2,0,2,10,1,0,157,1438
Oregon,Keizer,6,3,95,0,3,2,0,1,0,2,0,1,12,0,25,1,6,0,157,1091
California,Rialto,12,3,2,0,8,9,0,34,0,1,12,24,35,0,8,3,5,0,156,59002
Illinois,Plainfield,49,20,4,0,1,29,0,8,0,5,5,8,1,0,2,14,9,1,156,13656
Kansas,Lenexa,66,16,10,0,1,3,0,3,0,2,2,7,2,0,5,21,18,0,156,417
Kansas,Overland Park,66,16,10,0,1,3,0,3,0,2,2,7,2,0,5,21,18,0,156,772
Florida,North Miami,57,4,1,0,40,0,0,4,1,1,2,8,1,0,1,19,16,0,155,9280
Alabama,Montgomery,6,1,104,0,9,0,0,1,0,0,0,0,15,0,5,8,5,0,154,1359
Connecticut,Hartford,37,13,4,0,34,5,0,5,0,4,2,7,1,0,14,14,13,0,153,585
Florida,Coral Gables,51,3,1,0,31,7,0,2,1,1,1,4,1,0,25,14,11,0,153,2933
New York,Binghamton,2,95,32,0,1,0,0,0,0,4,2,0,6,0,1,4,6,0,153,247
Texas,Denton,57,14,5,0,1,3,0,21,2,2,2,5,1,0,1,28,11,0,153,6291
California,Colton,11,3,3,0,8,8,0,34,0,2,12,24,31,0,8,3,5,0,152,13164
Missouri,Kansas City,63,16,9,0,1,3,0,3,0,2,2,7,2,0,5,21,18,0,152,1317
Ohio,Toledo,3,1,114,0,9,1,0,4,0,9,1,0,2,0,3,2,3,0,152,5396
Connecticut,Meriden,40,13,6,0,34,3,0,2,0,1,2,5,1,0,16,14,14,0,151,736
Florida,Clearwater,47,7,16,0,1,7,0,0,2,3,1,14,2,0,2,33,16,0,151,2213
Florida,Largo,48,7,16,0,1,7,0,10,2,3,1,0,2,0,2,34,17,0,150,7096
Florida,Miami Beach,52,4,1,0,36,7,0,4,1,1,2,8,1,0,1,18,14,0,150,8200
Kansas,Olathe,65,16,9,0,1,1,0,3,0,2,1,7,2,0,5,20,18,0,150,616
Kansas,Shawnee,66,16,10,0,1,3,0,0,0,2,2,0,4,0,5,23,18,0,150,957
Texas,Burleson,19,5,5,0,33,13,0,7,2,6,5,4,1,0,1,28,21,0,150,2845
Florida,Coral Springs,23,2,1,0,28,8,0,2,1,1,1,4,49,0,1,13,15,0,149,3082
Kansas,Kansas City,63,16,9,0,1,3,0,3,0,2,2,0,4,0,5,23,18,0,149,212
Kentucky,Lexington-Fayette,4,3,105,0,6,6,0,0,0,2,1,1,6,0,4,2,9,0,149,581
Tennessee,Jackson,100,23,22,0,1,1,0,0,0,1,0,0,0,0,0,0,1,0,149,1957
Alabama,Dothan,105,12,20,0,1,2,0,0,0,0,0,0,2,0,0,2,4,0,148,527
California,San Marcos,23,17,3,0,1,1,0,2,1,3,6,35,2,1,20,24,9,0,148,65983
Connecticut,Middletown,42,14,6,0,31,4,0,2,0,1,2,4,1,0,15,13,13,0,148,884
Florida,Miami,51,4,1,0,36,7,0,4,1,1,2,8,1,0,1,17,14,0,148,8050
Florida,Cape Coral,8,3,110,0,8,3,0,0,0,0,0,0,13,0,0,1,2,0,148,2062
Texas,Galveston,2,22,63,0,4,3,0,16,1,3,15,11,1,0,1,1,4,1,148,9124
California,West Sacramento,38,7,4,0,26,5,0,3,0,1,4,0,1,0,23,20,15,0,147,80342
California,San Bernardino,11,3,2,0,8,8,0,33,0,1,11,23,31,0,8,3,5,0,147,61311
Iowa,Sioux City,2,20,115,0,1,0,0,0,0,0,0,0,4,0,0,2,3,0,147,2499
Massachusetts,Attleboro,36,16,2,0,33,8,0,6,2,5,6,4,2,0,7,13,7,0,147,147
Nevada,Henderson,30,4,12,0,28,34,1,6,1,2,2,3,2,0,0,14,8,0,147,250
Florida,Fort Myers,8,3,108,0,8,2,0,0,0,0,0,0,12,0,2,1,2,0,146,4556
Missouri,Independence,59,14,9,0,1,3,0,3,0,2,2,7,2,0,5,21,18,0,146,1029
Missouri,Lee's Summit,62,16,9,0,1,3,0,0,0,2,1,7,2,0,5,20,18,0,146,1463
Texas,Sherman,77,5,8,0,2,2,0,23,2,1,9,2,8,0,2,1,3,0,145,21989
Florida,Daytona Beach,4,53,53,0,2,3,0,0,0,2,0,2,8,0,8,7,2,0,144,3485
California,Ontario,38,9,11,0,30,13,0,1,2,1,0,2,2,0,16,12,6,0,143,48416
California,Hesperia,4,41,80,0,2,3,0,0,0,2,0,1,4,0,2,1,2,0,142,29336
Connecticut,Bristol,38,13,5,0,30,4,0,2,0,3,2,7,1,0,13,12,12,0,142,307
Connecticut,New Britain,37,14,5,0,30,4,0,2,0,3,2,7,1,0,13,12,12,0,142,1145
Michigan,Lansing,5,100,2,0,6,4,0,1,0,1,1,1,1,0,2,1,17,0,142,2607
Virginia,Blacksburg,1,1,50,0,2,0,0,1,0,2,1,1,44,0,1,1,37,0,142,1495
Virginia,Virginia Beach,16,6,4,0,22,3,0,2,0,3,1,2,5,0,28,36,14,0,142,5511
Maryland,Frederick,17,5,4,0,31,9,0,3,4,2,1,3,38,0,1,12,10,0,140,2068
Michigan,East Lansing,6,100,2,0,6,4,0,1,0,1,1,1,1,0,14,1,1,0,139,1597
Ohio,Newark,1,46,3,0,14,1,0,11,0,21,0,2,2,0,26,4,8,0,139,4632
California,Vista,19,17,3,0,1,3,0,2,1,2,6,33,1,1,19,22,8,0,138,78436
Florida,Port Orange,4,54,54,0,2,0,0,1,0,7,0,2,8,0,2,2,2,0,138,12986
Georgia,Savannah,2,1,113,0,3,2,0,1,0,0,0,0,8,0,2,3,3,0,138,5322
Missouri,Blue Springs,57,11,9,0,1,3,0,3,0,2,1,7,1,0,5,20,18,0,138,138
Florida,Davie,63,5,1,0,0,11,0,4,1,1,2,8,1,0,1,20,19,0,137,3341
Nevada,North Las Vegas,30,4,12,0,0,34,1,6,1,2,2,0,2,0,21,14,8,0,137,555
Virginia,Suffolk,12,7,1,0,24,2,0,2,0,3,1,0,4,0,26,38,17,0,137,5369
Washington,Olympia,10,87,1,0,6,4,0,2,2,1,1,1,2,0,8,6,6,0,137,5977
South Dakota,Sioux Falls,4,2,112,0,7,1,0,1,0,0,0,0,1,0,1,5,2,0,136,258
Texas,Wichita Falls,114,3,14,0,2,1,0,0,0,0,0,0,1,0,0,1,0,0,136,23702
California,Carlsbad,21,17,3,0,1,2,0,2,1,2,5,32,1,1,18,21,8,0,135,9763
Pennsylvania,York,36,4,5,0,24,3,0,5,0,4,5,5,1,0,15,10,17,0,134,1480
California,Fontana,13,3,2,0,8,9,0,29,2,2,4,5,40,0,8,3,5,0,133,22937
South Carolina,Spartanburg,8,2,77,0,10,9,0,0,0,2,0,2,15,0,2,2,3,0,132,1441
Alabama,Huntsville,11,21,3,0,35,5,0,6,0,24,3,1,3,0,2,0,17,0,131,831
Delaware,Dover,3,22,51,0,2,4,0,5,0,29,3,0,9,0,1,1,1,0,131,131
Ohio,Mentor,23,12,8,0,17,7,0,1,0,2,2,1,34,0,13,0,11,0,131,4163
Ohio,Elyria,30,12,6,0,13,4,0,2,0,1,1,1,33,0,13,6,9,0,131,2035
Michigan,Battle Creek,6,1,99,0,1,5,0,0,0,1,2,2,6,0,2,1,4,0,130,365
California,Redlands,10,2,2,0,4,5,0,30,0,1,10,20,32,0,8,1,4,0,129,57297
Massachusetts,Taunton,32,8,1,0,31,6,0,2,1,6,6,6,4,0,6,12,8,0,129,11585
California,Oceanside,19,15,3,0,1,3,0,2,1,2,0,32,1,1,18,22,8,0,128,48273
Florida,Gainesville,3,1,109,0,3,1,0,1,0,1,0,1,5,0,1,1,1,0,128,4773
Utah,St. George,100,8,10,0,1,0,0,2,0,0,0,0,3,0,2,2,0,0,128,4650
Tennessee,Chattanooga,5,1,87,0,8,5,0,0,0,1,1,0,7,0,2,3,7,0,127,642
Connecticut,Shelton,15,3,8,0,24,2,0,3,0,1,5,2,36,0,10,9,8,0,126,1676
Indiana,Columbus,2,70,2,0,2,11,0,0,0,1,6,6,4,0,11,7,4,0,126,540
Missouri,St. Peters,32,5,3,0,38,3,0,1,1,3,1,14,1,0,7,8,9,0,126,2449
California,Montclair,43,10,11,0,1,13,0,1,2,1,2,2,1,0,16,14,8,0,125,41406
California,Murrieta,2,2,67,0,1,2,0,29,1,5,1,1,7,1,2,1,3,0,125,44016
Connecticut,Danbury,16,4,6,0,22,3,0,3,0,1,2,1,27,0,15,12,10,3,125,432
Arizona,Oro Valley,10,3,1,0,24,2,1,1,0,1,1,4,50,0,1,23,2,0,124,3754
Georgia,Columbus,8,10,55,0,13,4,0,0,0,0,5,0,15,0,7,6,1,0,124,2058
Louisiana,Shreveport,3,37,51,0,4,4,0,0,0,1,0,0,7,0,6,6,5,0,124,1547
Wisconsin,Beloit,2,3,92,0,2,1,0,1,0,1,2,3,1,0,6,6,4,0,124,174
Alabama,Phenix City,8,10,54,0,13,4,0,0,0,0,5,0,15,0,7,6,1,0,123,1482
Arizona,Tucson,10,3,1,0,24,2,1,1,0,1,1,4,50,0,1,22,2,0,123,6449
Illinois,Springfield,3,24,73,0,4,1,0,2,0,1,1,2,5,0,2,1,4,0,123,15190
Louisiana,Bossier City,3,37,51,0,4,4,0,0,0,0,0,0,7,0,6,6,5,0,123,486
California,Thousand Oaks,28,6,3,1,25,5,0,2,3,4,3,15,3,0,1,14,9,0,122,74456
Florida,Cutler Bay,44,3,1,0,25,3,0,2,1,1,1,4,1,0,22,9,5,0,122,3204
Illinois,Rock Island,6,1,91,0,9,1,0,0,0,0,1,3,3,0,1,1,5,0,122,13857
Indiana,Bloomington,1,27,52,0,1,10,0,0,0,1,6,4,3,0,3,8,6,0,122,180
South Dakota,Rapid City,5,11,102,0,0,0,0,0,0,0,0,0,3,0,0,0,1,0,122,122
Illinois,Decatur,79,2,19,0,4,4,0,2,0,1,1,2,3,0,2,1,1,0,121,5862
North Carolina,Wilson,2,1,49,1,7,1,0,2,1,5,2,41,1,0,3,3,2,0,121,4630
Oklahoma,Muskogee,48,8,19,0,21,2,0,1,0,3,2,0,1,0,5,9,2,0,121,679
Florida,Sarasota,5,74,3,0,4,1,0,3,2,1,4,6,2,0,3,7,5,0,120,13492
Texas,Weslaco,5,20,87,0,1,5,0,0,0,1,0,0,1,0,0,0,0,0,120,23566
Connecticut,Milford,16,3,8,0,21,3,0,3,0,1,4,3,31,0,9,9,8,0,119,1003
Illinois,DeKalb,3,2,88,0,1,4,0,0,0,1,2,5,1,0,5,4,3,0,119,5741
California,Highland,10,2,2,0,4,0,0,31,0,1,10,19,27,0,8,1,3,0,118,29454
Florida,Doral,54,4,1,0,0,7,0,4,1,1,2,8,1,0,1,18,16,0,118,4242
Maryland,Hagerstown,11,3,3,0,38,2,0,1,1,1,5,26,1,0,7,13,6,0,118,3624
West Virginia,Charleston,7,35,57,0,4,1,0,0,0,0,0,0,9,0,0,1,4,0,118,118
Wisconsin,Eau Claire,1,38,62,0,2,0,0,0,0,6,0,0,2,0,0,2,5,0,118,529
California,Escondido,23,20,3,0,1,2,0,1,1,4,5,39,3,1,1,2,11,0,117,22555
California,Camarillo,17,4,1,1,8,1,0,1,3,3,1,5,49,0,9,6,7,0,116,8974
Pennsylvania,Harrisburg,31,3,3,0,23,3,0,5,0,4,5,5,1,0,16,0,17,0,116,277
Texas,San Angelo,84,0,24,0,0,0,0,0,0,3,0,0,3,0,1,0,1,0,116,20736
California,Stockton,1,1,68,0,1,2,0,7,0,3,5,1,6,0,10,1,9,0,115,73428
California,Santa Maria,5,52,38,0,2,0,0,0,0,0,0,5,1,0,1,4,7,0,115,70089
Missouri,O'Fallon,31,4,3,0,35,3,0,1,1,3,1,14,1,0,6,6,6,0,115,1578
California,Riverside,14,6,2,0,11,9,0,30,2,1,8,20,1,0,1,3,6,0,114,59755
Indiana,Terre Haute,83,9,12,0,1,0,0,0,0,2,0,0,1,0,3,0,3,0,114,3777
Washington,Pasco,1,55,47,0,0,1,0,0,2,2,0,0,1,0,3,0,2,0,114,6091
Washington,Richland,1,55,47,0,0,1,0,0,2,2,0,0,1,0,3,0,2,0,114,8065
Connecticut,New Haven,13,7,5,0,20,2,0,2,0,1,3,2,38,0,7,8,5,0,113,1258
Arizona,Marana,9,3,1,0,22,2,1,1,0,1,1,4,43,0,1,22,1,0,112,3013
Massachusetts,Barnstable Town,2,31,55,0,3,6,0,0,0,0,0,3,6,0,0,1,5,0,112,259
California,Ceres,1,33,53,0,1,2,0,0,0,3,0,3,3,0,10,1,1,0,111,10875
Florida,Deltona,29,4,1,0,0,7,0,1,0,15,1,2,30,0,7,6,8,0,111,4124
Ohio,Cuyahoga Falls,21,21,6,0,28,5,0,0,0,1,1,2,1,0,10,10,5,0,111,1405
California,Santa Barbara,3,3,69,0,6,4,0,1,0,1,1,5,8,0,4,3,2,0,110,68536
New Hampshire,Manchester,18,10,1,0,4,7,0,26,2,2,1,8,15,0,12,3,1,0,110,163
Texas,Temple,5,36,47,0,3,2,0,0,0,0,1,1,1,0,7,3,4,0,110,22436
Washington,Bellingham,5,31,63,0,2,0,0,0,0,0,0,0,3,0,1,1,4,0,110,1397
Alabama,Auburn,5,31,33,0,12,4,0,1,0,0,5,0,9,0,7,1,1,0,109,109
Rhode Island,Pawtucket,27,12,1,0,16,6,0,4,2,5,5,6,2,0,5,10,8,0,109,890
Virginia,Lynchburg,3,54,44,0,0,2,0,1,0,1,0,2,0,0,0,1,1,0,109,3474
Connecticut,West Haven,11,3,5,0,19,8,0,2,0,1,3,2,34,0,7,7,6,0,108,2264
Texas,El Paso,5,73,0,0,2,2,0,0,0,0,0,2,18,0,3,2,1,0,108,7122
Alabama,Tuscaloosa,1,32,32,0,11,0,0,0,0,1,1,1,3,0,10,1,14,0,107,1589
Florida,Port St. Lucie,1,39,40,0,1,1,0,2,0,1,0,1,2,0,2,3,14,0,107,13093
Iowa,Davenport,4,1,85,0,3,1,0,0,0,0,1,3,3,0,1,1,4,0,107,1601
Wisconsin,Janesville,1,3,68,0,16,1,0,1,0,1,2,1,1,0,5,5,2,0,107,1085
Arizona,Prescott,90,4,9,0,1,1,0,0,0,0,0,0,0,0,0,0,1,0,106,4590
California,Turlock,1,31,53,0,1,3,0,0,0,2,0,1,4,0,7,1,2,0,106,75808
Hawaii,Honolulu,12,1,1,0,30,2,0,7,0,5,1,1,4,0,1,28,13,0,106,106
Minnesota,Duluth,3,32,64,0,0,0,0,0,0,1,0,0,3,0,0,0,2,0,105,2526
Washington,Lakewood,18,4,1,0,16,17,0,2,2,2,1,1,2,0,16,13,10,0,105,5781
Tennessee,Clarksville,1,26,35,0,1,1,0,2,0,10,3,5,4,0,2,9,5,0,104,746
Wisconsin,Kenosha,29,7,4,0,11,3,0,4,0,2,1,12,16,0,6,1,8,0,104,1189
Missouri,Columbia,2,23,68,0,2,1,0,0,0,0,0,0,6,0,0,0,1,0,103,566
Nevada,Carson City,3,39,41,0,1,3,0,0,0,0,0,0,9,0,1,0,6,0,103,103
Illinois,Moline,4,1,84,0,3,0,0,0,0,0,0,3,3,0,0,0,4,0,102,10322
North Carolina,Rocky Mount,2,22,34,1,4,1,0,2,1,5,2,18,1,0,6,1,2,0,102,4442
South Carolina,Florence,2,27,18,0,1,1,0,0,0,0,0,0,1,0,34,6,12,0,102,530
Texas,Odessa,1,7,82,0,1,6,0,0,0,1,0,0,3,0,1,0,0,0,102,17092
Vermont,Burlington,3,1,74,0,1,2,0,0,0,1,0,1,15,0,1,1,2,0,102,102
Florida,Deerfield Beach,24,2,1,0,28,8,0,2,1,2,1,4,1,0,1,11,15,0,101,3586
Texas,Midland,1,7,81,0,1,6,0,0,0,1,0,0,3,0,1,0,0,0,101,15949
Texas,Texarkana,72,6,22,0,0,0,0,0,0,0,0,0,1,0,0,0,0,0,101,22537
California,Clovis,2,70,1,0,7,2,0,1,0,1,0,0,11,0,0,0,5,0,100,12759
Oregon,Bend,1,28,63,0,3,0,0,0,0,0,0,0,5,0,0,0,0,0,100,375
Texas,Huntsville,58,10,8,0,12,1,0,0,0,0,0,1,1,0,1,3,5,0,100,11780
California,Fresno,2,70,1,0,7,2,0,0,0,1,0,0,11,0,0,0,5,0,99,24222
California,Madera,2,71,1,0,7,1,0,1,0,1,0,0,10,0,0,0,5,0,99,38717
Iowa,Waterloo,3,34,39,0,2,0,0,0,0,1,1,2,5,0,5,4,2,0,98,2944
New York,Schenectady,21,6,3,0,21,6,0,8,0,1,1,4,2,0,1,16,8,0,98,4303
South Carolina,Sumter,1,12,21,0,1,2,0,4,0,0,1,3,12,0,34,6,1,0,98,1634
California,Lake Elsinore,13,15,1,0,12,3,0,29,1,1,3,1,1,1,12,2,2,0,97,34242
Ohio,Akron,20,21,4,0,23,5,0,1,0,2,1,2,1,0,7,6,4,0,97,97
Tennessee,Johnson City,4,35,47,0,2,0,0,1,0,0,0,0,4,0,1,1,2,0,97,2054
Texas,Edinburg,3,17,69,0,1,5,0,0,0,1,0,0,1,0,0,0,0,0,97,7014
Virginia,Roanoke,5,1,80,0,0,1,0,1,0,1,0,1,4,0,0,1,2,0,97,5232
California,Perris,9,3,2,0,3,5,0,29,0,1,1,1,28,1,8,2,3,0,96,52785
North Carolina,Asheville,8,1,79,0,2,4,0,1,0,0,0,0,1,0,0,0,0,0,96,386
Texas,Pharr,3,17,69,0,1,5,0,0,0,1,0,0,0,0,0,0,0,0,96,18441
Florida,Ormond Beach,4,4,55,0,2,4,0,0,0,0,0,2,8,0,7,7,2,0,95,10712
New Mexico,Clovis,55,7,10,0,2,0,0,1,0,0,0,0,10,0,2,2,6,0,95,177
South Carolina,Goose Creek,13,1,1,0,29,6,0,4,0,8,1,1,9,0,6,1,15,0,95,625
South Carolina,North Charleston,13,1,1,0,29,6,0,4,0,8,1,1,9,0,6,1,15,0,95,1042
South Carolina,Summerville,13,1,1,0,29,6,0,4,0,8,1,1,9,0,6,1,15,0,95,1536
Texas,McAllen,3,17,68,0,0,5,0,0,0,1,0,0,1,0,0,0,0,0,95,15279
Texas,Mission,3,17,67,0,1,5,0,0,0,1,0,0,1,0,0,0,0,0,95,16044
New York,Albany,20,6,3,0,20,6,0,8,0,1,1,4,2,0,1,15,7,0,94,94
Tennessee,Kingsport,4,28,47,0,2,4,0,1,0,0,0,0,4,0,1,1,2,0,94,2148
Illinois,Bloomington,5,35,37,0,3,4,0,1,0,1,1,0,2,0,2,1,1,0,93,2517
New York,Troy,21,6,3,0,21,0,0,8,0,1,1,4,2,0,1,16,8,0,92,4463
Texas,New Braunfels,14,2,1,0,10,7,0,4,0,2,6,3,28,0,3,8,4,0,92,16468
California,Davis,34,3,3,0,14,4,0,0,0,1,4,4,1,0,6,9,8,0,91,18746
Idaho,Twin Falls,69,3,8,0,3,0,0,0,0,0,0,0,3,0,4,1,0,0,91,720
Illinois,Peoria,12,4,56,0,3,0,0,1,0,0,0,0,9,0,2,2,2,0,91,13500
Virginia,Harrisonburg,2,31,45,0,1,4,0,0,0,1,0,1,2,0,1,2,1,0,91,2260
Arkansas,Conway,1,1,64,0,1,2,0,0,0,0,1,1,11,0,4,2,2,0,90,144
Oklahoma,Stillwater,62,8,9,0,3,2,0,1,0,0,0,0,1,0,1,1,2,0,90,874
South Carolina,Charleston,13,1,1,0,28,5,0,4,0,8,1,1,7,0,6,1,14,0,90,90
South Carolina,Mount Pleasant,13,1,1,0,28,5,0,4,0,8,1,1,7,0,6,1,14,0,90,947
California,Lompoc,2,35,27,0,1,4,0,0,0,3,1,5,1,0,1,4,5,0,89,36859
Florida,Fort Pierce,1,4,1,0,1,1,0,1,0,23,0,13,2,0,7,6,29,0,89,4645
Wyoming,Cheyenne,1,19,36,0,2,3,0,0,0,9,3,7,1,0,1,2,5,0,89,159
Arizona,Maricopa,20,5,2,0,11,4,0,1,1,2,1,8,22,0,6,2,3,0,88,3101
Arkansas,Pine Bluff,36,2,12,0,7,6,0,0,0,0,1,1,19,0,0,3,1,0,88,496
California,Oxnard,12,5,1,1,6,1,0,1,1,3,1,1,40,0,7,4,4,0,88,48911
Louisiana,Lafayette,7,58,1,0,4,2,0,1,0,0,0,0,10,0,0,3,2,0,88,951
North Carolina,Greenville,6,1,62,0,9,0,0,0,0,3,0,0,1,0,3,1,2,0,88,2732
Alabama,Birmingham,24,2,4,0,12,0,0,0,0,1,1,1,24,0,10,5,3,0,87,196
Alabama,Hoover,24,2,4,0,12,0,0,0,0,1,1,1,24,0,10,5,3,0,87,700
Alabama,Florence,65,4,13,0,1,0,0,0,0,1,0,0,0,0,0,1,1,0,86,613
Georgia,Athens-Clarke County,1,4,36,0,1,5,0,3,0,1,4,1,1,0,13,15,1,0,86,767
Missouri,Jefferson City,5,27,47,0,2,1,0,0,0,0,0,0,1,0,0,0,3,0,86,1115
Montana,Bozeman,1,46,34,0,0,0,0,0,0,0,0,0,2,0,0,0,3,0,86,274
Indiana,Evansville,1,2,71,0,3,1,0,0,0,0,0,0,4,0,0,1,2,0,85,655
Montana,Great Falls,62,7,12,0,1,0,0,0,0,0,0,1,2,0,0,0,0,0,85,359
Illinois,Rockford,1,3,71,0,2,1,0,0,0,1,0,0,3,0,0,0,2,0,84,13941
Mississippi,Gulfport,6,26,39,0,2,1,0,0,0,0,2,1,0,0,2,2,3,0,84,168
Mississippi,Biloxi,4,21,40,0,2,1,0,0,0,0,2,1,8,0,1,2,2,0,84,84
California,Bakersfield,5,50,2,0,6,1,0,0,0,0,0,0,11,0,2,2,3,0,82,4016
Iowa,Cedar Falls,3,34,37,0,2,0,0,0,0,1,0,0,3,0,0,0,2,0,82,752
New Mexico,Albuquerque,17,8,3,0,22,6,0,0,0,2,0,5,2,0,0,13,4,0,82,82
New Mexico,Rio Rancho,17,8,3,0,22,6,0,0,0,2,0,5,2,0,0,13,4,0,82,558
New Mexico,Farmington,58,17,6,0,0,1,0,0,0,0,0,0,0,0,0,0,0,0,82,259
Washington,Spokane,6,56,2,0,2,1,0,0,0,0,0,1,12,0,0,0,2,0,82,10210
California,Modesto,2,42,0,0,1,2,0,0,0,4,1,7,6,0,12,3,1,0,81,40835
Idaho,Pocatello,1,43,18,0,3,0,0,1,0,1,0,0,7,0,3,2,2,0,81,629
California,Petaluma,13,1,3,0,9,4,0,1,2,1,20,1,15,0,5,4,1,0,80,52865
Illinois,Quincy,54,6,16,0,0,1,0,0,0,0,0,0,1,0,0,0,1,0,79,13735
Oklahoma,Enid,66,3,9,0,0,0,0,0,0,0,0,0,1,0,0,0,0,0,79,391
Utah,Logan,1,35,21,0,1,0,0,8,0,5,1,0,3,0,1,1,1,0,78,1585
California,Menifee,6,1,2,0,1,3,0,31,1,1,1,1,23,1,1,1,3,0,77,39655
Georgia,Valdosta,63,2,6,0,0,2,0,0,0,0,0,0,2,0,0,0,2,0,77,5889
Idaho,Boise City,8,4,3,0,1,5,0,1,0,1,2,8,29,0,9,5,1,0,77,77
Idaho,Meridian,8,4,3,0,1,5,0,1,0,1,2,8,29,0,9,5,1,0,77,471
Idaho,Nampa,8,4,3,0,1,5,0,1,0,1,2,8,29,0,9,5,1,0,77,548
Ohio,Lancaster,1,3,3,0,15,1,0,3,0,20,5,2,5,0,3,5,9,0,75,3752
California,Moreno Valley,10,3,2,0,4,5,0,32,0,1,1,1,2,0,8,1,4,0,74,42776
California,Woodland,29,3,3,0,10,4,0,1,0,1,4,4,1,0,4,6,4,0,74,81557
California,Yucaipa,8,1,2,0,1,5,0,29,0,1,3,2,19,0,0,1,2,0,74,82101
Idaho,Idaho Falls,4,34,23,0,3,0,0,1,0,1,0,0,2,0,3,2,1,0,74,394
Michigan,Grand Rapids,12,8,0,0,1,2,0,1,0,4,4,6,23,0,0,4,8,0,73,2148
Florida,Titusville,11,2,4,0,6,7,0,0,0,3,0,25,1,0,5,4,4,0,72,14996
Texas,Lubbock,2,25,38,0,0,2,0,0,0,0,0,0,1,0,2,1,1,0,72,14769
California,Beaumont,7,1,2,0,1,3,0,29,0,2,1,1,19,0,2,1,2,0,71,4668
North Dakota,Bismarck,8,0,58,0,0,0,0,0,0,0,0,0,3,0,0,1,1,0,71,71
Wisconsin,Madison,21,1,3,0,0,19,0,1,0,1,2,1,2,0,6,6,8,0,71,1496
Idaho,Caldwell,6,2,3,0,1,4,0,1,0,1,0,8,26,0,9,5,4,0,70,147
Texas,Port Arthur,3,54,2,0,1,5,0,0,0,1,0,0,3,0,0,0,1,0,70,18915
Wyoming,Casper,59,8,2,0,0,1,0,0,0,0,0,0,0,0,0,0,0,0,70,70
New Jersey,Atlantic City,4,1,36,0,5,0,0,2,0,0,0,0,9,0,2,1,8,0,68,68
New York,Syracuse,16,3,1,0,4,1,1,1,0,4,0,0,23,0,8,3,3,0,68,4371
Washington,Kennewick,1,56,0,0,0,1,0,0,2,2,0,0,1,0,3,0,2,0,68,4076
California,San Luis Obispo,11,1,45,0,2,0,0,0,0,1,0,0,2,0,1,2,2,0,67,65835
North Carolina,Wilmington,5,1,49,0,3,1,0,1,0,1,0,0,1,0,2,2,1,0,67,4509
Texas,Corpus Christi,1,59,2,0,1,2,0,0,0,0,0,0,1,0,0,1,0,0,67,5226
California,Rohnert Park,10,1,3,0,8,2,0,1,2,1,21,1,11,0,2,2,1,0,66,59991
California,El Centro,58,2,5,0,0,0,0,0,0,0,0,0,1,0,0,0,0,0,66,21325
Texas,Waco,1,2,42,0,1,1,0,0,0,0,1,0,1,0,15,1,1,0,66,23446
Florida,Ocala,1,26,26,0,5,1,0,1,0,0,0,1,1,0,1,1,1,0,65,9934
New York,Buffalo,18,9,1,0,13,1,0,2,0,3,1,1,1,0,7,5,3,0,65,312
California,Fairfield,10,3,1,0,8,4,0,2,2,1,1,1,26,0,1,2,2,0,64,22619
Missouri,St. Joseph,1,12,24,0,3,1,0,1,0,1,5,1,1,0,2,2,10,0,64,1979
Kansas,Hutchinson,34,6,7,0,2,1,0,0,0,1,0,0,0,0,5,0,7,0,63,63
Oregon,Springfield,1,48,2,0,4,1,0,2,0,0,1,0,1,0,2,0,0,0,62,1885
California,Chico,4,0,48,0,1,2,0,0,0,1,0,0,1,0,2,1,1,0,61,11510
California,Santa Rosa,10,1,2,0,8,1,0,1,2,1,20,1,9,0,2,2,1,0,61,70642
Oregon,Eugene,1,48,2,0,4,1,0,2,0,0,0,0,1,0,2,0,0,0,61,462
Arkansas,Fort Smith,3,19,17,0,1,5,0,0,0,0,1,0,1,0,0,1,12,0,60,261
Tennessee,Nashville-Davidson,2,14,12,0,2,5,0,2,0,1,4,4,3,0,1,9,1,0,60,2632
Texas,Harlingen,3,10,41,0,1,3,0,0,0,1,0,0,1,0,0,0,0,0,60,11296
Arkansas,Springdale,4,1,3,0,16,4,0,4,0,2,2,1,5,0,1,3,13,0,59,613
California,Napa,5,1,2,0,10,3,0,1,2,4,1,2,23,0,2,2,1,0,59,44075
Ohio,Lorain,15,3,3,0,5,7,0,1,0,1,1,1,12,0,6,2,2,0,59,3865
Oregon,Medford,3,0,45,0,1,1,0,0,0,0,0,1,8,0,0,0,0,0,59,1354
Tennessee,Knoxville,8,6,2,0,11,7,0,2,0,1,2,3,2,0,8,4,3,0,59,2207
Washington,Marysville,11,7,1,0,6,5,0,11,2,1,10,2,0,0,1,1,1,0,59,5840
Wisconsin,Sheboygan,1,27,16,0,2,1,0,3,0,3,1,1,1,0,1,1,1,0,59,2269
Arkansas,Rogers,4,1,3,0,16,4,0,4,0,2,2,1,5,0,1,3,12,0,58,554
Indiana,Anderson,10,1,1,0,10,11,0,0,0,2,1,2,13,0,4,2,1,0,58,58
Pennsylvania,Lancaster,11,6,4,0,8,11,0,1,0,2,3,4,3,0,2,1,2,0,58,335
Arkansas,Fayetteville,4,1,3,0,16,4,0,4,0,2,0,1,5,0,1,3,13,0,57,201
Florida,Bradenton,13,1,8,0,1,2,0,3,2,1,1,6,3,0,1,7,8,0,57,1914
North Dakota,Minot,39,4,10,0,1,0,0,0,0,0,0,0,1,0,0,1,1,0,57,389
Oklahoma,Midwest City,17,1,1,0,13,2,0,4,0,1,0,2,1,0,4,9,2,0,57,501
Oklahoma,Moore,17,1,1,0,13,2,0,4,0,1,0,2,1,0,4,9,2,0,57,558
Oklahoma,Oklahoma City,17,1,1,0,13,2,0,4,0,1,0,2,1,0,4,9,2,0,57,784
Tennessee,Murfreesboro,19,2,1,0,3,5,0,2,0,1,1,5,11,0,2,3,2,0,57,2572
California,Calexico,53,2,0,0,0,0,0,0,0,0,0,0,1,0,0,0,0,0,56,8858
Connecticut,Norwich,17,2,3,0,3,2,0,9,0,3,8,3,1,0,1,3,1,0,56,1550
Missouri,Cape Girardeau,3,11,37,0,1,1,0,0,0,0,0,0,3,0,0,0,0,0,56,194
New York,Niagara Falls,17,9,1,0,12,1,0,2,0,2,1,1,1,0,6,0,3,0,56,3928
Arkansas,Little Rock,7,3,1,0,7,0,0,0,0,0,1,1,21,0,4,3,7,0,55,353
Arkansas,North Little Rock,7,3,1,0,7,0,0,0,0,0,1,1,21,0,4,3,7,0,55,408
Arkansas,Bentonville,4,1,3,0,16,4,0,4,0,2,2,1,0,0,1,3,13,0,54,54
California,Apple Valley,1,7,29,0,1,3,0,0,0,1,0,0,1,0,2,1,8,0,54,3005
California,Porterville,4,11,23,0,6,2,0,0,0,0,0,0,1,0,2,2,3,0,54,55684
California,La Quinta,0,2,36,0,1,7,0,0,0,0,1,1,4,0,1,1,0,0,54,33830
Illinois,Normal,5,35,0,0,3,4,0,0,0,0,1,0,2,0,2,1,1,0,54,11205
Louisiana,Lake Charles,1,24,17,0,1,6,0,0,0,0,0,0,4,0,0,0,1,0,54,1005
North Dakota,Grand Forks,2,21,25,0,0,3,0,0,0,0,0,0,1,0,0,0,2,0,54,332
Ohio,Lima,1,16,24,0,3,0,0,0,0,2,0,0,1,0,3,2,2,0,54,3806
Oklahoma,Edmond,17,1,1,0,13,2,0,3,0,1,0,2,1,0,4,8,1,0,54,312
Wisconsin,Wausau,6,2,40,0,2,0,0,0,0,0,1,0,1,0,0,1,1,0,54,2500
Louisiana,Alexandria,1,10,33,0,2,1,0,0,0,0,0,0,2,0,2,1,1,0,53,53
New Hampshire,Concord,17,4,1,0,2,7,0,1,0,2,1,3,6,0,5,3,1,0,53,53
Oklahoma,Lawton,1,24,20,0,0,1,0,0,0,0,0,0,0,0,4,2,1,0,53,444
Arizona,Flagstaff,1,18,25,0,2,1,0,0,0,0,0,0,3,0,1,0,1,0,52,1563
California,Yuba City,3,12,16,0,1,5,0,1,0,1,4,1,2,0,2,3,1,0,52,82027
Wisconsin,Oshkosh,10,8,7,0,4,3,0,3,0,1,0,0,5,0,2,1,8,0,52,2042
Florida,Melbourne,8,3,5,0,4,5,0,0,0,1,1,13,1,0,1,5,4,0,51,7902
Pennsylvania,Allentown,6,10,1,0,5,1,0,1,3,2,1,1,15,0,1,2,2,0,51,51
Pennsylvania,Bethlehem,6,9,1,0,5,1,0,1,3,2,1,1,16,0,1,2,2,0,51,147
Tennessee,Cleveland,1,1,30,0,5,2,0,0,0,1,1,0,3,0,1,2,4,0,51,797
California,Victorville,1,0,28,0,0,3,0,0,0,1,0,1,1,0,3,1,11,0,50,78036
Missouri,Joplin,1,16,31,0,0,2,0,0,0,0,0,0,0,0,0,0,0,0,50,1165
Wisconsin,Appleton,11,9,7,0,6,3,0,3,0,1,0,0,6,0,2,1,1,0,50,50
Kansas,Lawrence,10,3,1,0,4,2,0,2,0,1,1,1,4,0,14,1,5,0,49,261
Kansas,Manhattan,1,36,1,0,1,1,0,0,0,0,0,0,2,0,1,2,4,0,49,466
Michigan,Flint,1,2,1,0,5,1,0,1,0,4,6,13,5,0,2,1,7,0,49,2075
Montana,Missoula,1,17,25,0,3,1,0,0,0,0,0,0,1,0,0,0,0,0,48,407
North Carolina,Burlington,14,2,1,0,8,1,0,2,1,3,2,1,4,0,5,3,1,0,48,434
Oklahoma,Norman,14,1,1,0,10,2,0,3,0,1,0,2,1,0,3,8,2,0,48,727
California,Vacaville,1,1,1,0,9,3,0,3,2,2,0,1,17,0,2,3,1,0,46,77372
Florida,Palm Bay,7,3,3,0,4,4,0,0,0,1,0,13,1,0,1,5,4,0,46,10758
New Mexico,Roswell,34,1,10,0,0,0,0,0,0,0,0,0,1,0,0,0,0,0,46,604
South Carolina,Greenville,12,8,1,0,6,7,0,0,0,1,0,2,1,0,2,3,3,0,46,671
Texas,Brownsville,2,7,33,0,1,2,0,0,0,0,0,0,1,0,0,0,0,0,46,2664
Massachusetts,Pittsfield,1,1,2,0,1,1,0,5,0,1,5,2,7,0,9,7,3,0,45,9188
Pennsylvania,Altoona,1,12,23,0,0,1,0,0,0,0,1,0,3,0,0,3,1,0,45,96
Louisiana,Monroe,1,7,31,0,0,3,0,0,0,1,0,0,1,0,0,0,0,0,44,1049
Ohio,Canton,7,10,2,0,13,1,0,1,0,1,1,2,1,0,0,1,4,0,44,346
Texas,Longview,1,16,19,0,0,4,0,0,0,1,0,0,2,0,0,0,1,0,44,14697
Virginia,Charlottesville,3,1,1,0,10,1,0,0,0,1,0,1,18,0,1,3,4,0,44,1539
California,Redding,1,17,23,0,0,0,0,0,0,0,0,0,2,0,0,0,0,0,43,57168
Nevada,Reno,7,1,4,0,5,2,0,0,0,0,0,0,14,0,1,1,8,0,43,598
Nevada,Sparks,7,1,4,0,5,1,0,0,0,0,0,0,14,0,1,1,8,0,42,640
Ohio,Findlay,1,1,25,0,5,0,0,0,0,0,1,0,2,0,3,2,2,0,42,2507
Arizona,Yuma,2,0,29,0,4,0,0,0,0,1,0,0,2,0,0,3,0,0,41,6490
Kentucky,Owensboro,3,2,27,0,2,1,0,0,0,0,0,0,1,0,0,1,1,0,38,953
Arkansas,Jonesboro,1,9,24,0,1,1,0,0,0,0,0,0,1,0,0,0,0,0,37,298
Missouri,Springfield,4,1,4,0,2,3,0,1,0,1,0,0,14,0,1,1,5,0,37,1615
Washington,Yakima,2,19,13,0,1,1,0,0,0,0,0,0,0,0,0,1,0,0,37,10922
Arizona,Bullhead City,27,3,5,0,0,0,0,0,0,0,0,0,0,0,0,0,0,0,35,827
Florida,Tallahassee,2,1,1,0,10,1,0,1,0,0,1,0,1,0,10,6,1,0,35,14155
Kansas,Salina,1,12,9,0,1,1,0,0,0,0,0,0,10,0,1,0,0,0,35,807
Texas,College Station,2,25,1,0,1,2,0,0,0,0,0,0,1,0,1,0,2,0,35,4449
Texas,Laredo,2,7,24,0,0,1,0,0,0,0,0,0,0,0,0,0,1,0,35,13938
Nebraska,Grand Island,1,8,20,0,1,0,0,0,0,0,0,0,3,0,1,0,0,0,34,496
Arizona,Lake Havasu City,28,2,3,0,0,0,0,0,0,0,0,0,0,0,0,0,0,0,33,2901
Oregon,Albany,3,4,1,0,3,3,0,1,0,0,1,0,7,0,2,1,6,0,32,32
Texas,Bryan,2,22,1,0,1,2,0,0,0,0,0,0,0,0,1,0,2,0,31,2695
California,Delano,1,6,7,0,6,1,0,0,0,0,0,0,2,0,2,2,3,0,30,18776
Indiana,Elkhart,6,1,1,0,5,1,0,0,0,1,0,0,9,0,1,1,4,0,30,570
Michigan,Portage,7,1,1,0,1,4,0,0,0,1,1,1,6,0,2,1,4,0,30,4382
Indiana,Mishawaka,6,1,1,0,5,1,0,0,0,1,0,0,8,0,1,1,4,0,29,3088
Michigan,Kalamazoo,8,1,1,0,1,0,0,0,0,1,3,5,0,0,3,2,4,0,29,2177
Georgia,Macon,5,1,1,0,1,2,0,0,0,6,1,0,3,0,0,6,2,0,28,3117
Indiana,Fort Wayne,8,3,3,0,3,0,0,0,0,1,0,0,1,0,2,2,5,0,28,921
Georgia,Warner Robins,5,1,1,0,1,2,0,0,0,6,1,0,3,0,0,5,2,0,27,5916
Washington,Spokane Valley,6,1,2,0,2,1,0,0,0,0,0,1,13,0,0,1,0,0,27,10237
California,Merced,1,5,15,0,1,1,0,0,0,0,0,0,2,0,0,0,1,0,26,39681
Oregon,Corvallis,1,4,1,0,3,3,0,1,0,0,1,0,2,0,2,1,7,0,26,401
Indiana,South Bend,5,1,1,0,5,1,0,0,0,1,0,0,8,0,1,1,1,0,25,3663
Pennsylvania,Wilkes-Barre,5,1,2,0,5,1,0,1,0,1,1,0,1,0,1,1,2,0,22,1346
Arizona,Prescott Valley,1,4,12,0,1,2,0,0,0,0,0,0,0,0,0,0,1,0,21,4611
Wisconsin,Green Bay,5,2,1,0,4,3,0,0,0,1,0,0,1,0,1,1,1,0,20,741
Pennsylvania,Scranton,5,1,2,0,4,1,0,0,0,1,1,0,1,0,0,1,2,0,19,1143
Texas,Victoria,1,4,13,0,0,0,0,0,0,0,0,0,1,0,0,0,0,0,19,23380
Michigan,Saginaw,4,2,3,0,1,1,0,1,0,0,0,0,3,0,0,0,3,0,18,5375
Michigan,Midland,3,2,3,0,1,1,0,1,0,0,0,0,2,0,0,0,3,0,16,3367
Mississippi,Hattiesburg,1,1,7,0,1,3,0,0,0,0,0,0,1,0,0,1,0,0,15,183
Pennsylvania,Erie,2,2,0,0,1,4,0,0,0,0,0,1,2,0,0,0,2,0,14,161
Mississippi,Meridian,1,1,6,0,0,1,0,0,0,1,0,0,1,0,0,1,1,0,13,394
Colorado,Grand Junction,3,1,2,0,1,1,0,0,0,1,0,0,3,0,0,0,0,0,12,3512
Texas,Beaumont,3,0,2,0,1,0,0,0,0,1,0,0,0,0,0,0,0,0,7,1970
California,Jurupa Valley,0,0,0,0,0,0,0,0,0,0,0,0,0,0,0,0,0,0,0,31640
California,San Buenaventura (Ventura),0,0,0,0,0,0,0,0,0,0,0,0,0,0,0,0,0,0,0,62057
Massachusetts,Weymouth Town,0,0,0,0,0,0,0,0,0,0,0,0,0,0,0,0,0,0,0,12525
